pres_id,difficulty_rank,bin,bin_lo_nodes,bin_hi_nodes,nodes_explored,path_length,log10_nodes,aut_class,aut_min_total,aut_rep_r1,aut_rep_r2,aut_orbit_size,start_length,solved_at_50k,nodes_at_50k,path_at_50k,min_relator_length_at_50k,progress_at_50k,r1,r2
0,0,0,3,10,3,2,0.4771,0,6,X,XYYxy,4,7,True,3,2,2,-5,YYXyx,Yx
1,1,0,3,10,3,2,0.4771,0,6,X,XYYxy,4,7,True,3,2,2,-5,YYXyx,YX
170,2,0,3,10,3,2,0.4771,1,8,X,XYYYxyy,4,9,True,3,2,2,-7,YYYXyyx,Yx
171,3,0,3,10,3,2,0.4771,1,8,X,XYYYxyy,4,9,True,3,2,2,-7,YYYXyyx,YX
308,4,0,3,10,3,2,0.4771,2,10,X,XYYYYxyyy,4,11,True,3,2,2,-9,YYYYXyyyx,Yx
309,5,0,3,10,3,2,0.4771,2,10,X,XYYYYxyyy,4,11,True,3,2,2,-9,YYYYXyyyx,YX
406,6,0,3,10,3,2,0.4771,9,12,X,XYYYYYxyyyy,4,13,True,3,2,2,-11,YYYYYXyyyyx,Yx
407,7,0,3,10,3,2,0.4771,9,12,X,XYYYYYxyyyy,4,13,True,3,2,2,-11,YYYYYXyyyyx,YX
458,8,0,3,10,3,2,0.4771,47,14,X,XYYYYYYxyyyyy,4,15,True,3,2,2,-13,YYYYYYXyyyyyx,Yx
459,9,0,3,10,3,2,0.4771,47,14,X,XYYYYYYxyyyyy,4,15,True,3,2,2,-13,YYYYYYXyyyyyx,YX
493,10,0,3,10,3,2,0.4771,68,16,X,XYYYYYYYxyyyyyy,4,17,True,3,2,2,-15,YYYYYYYXyyyyyyx,Yx
494,11,0,3,10,3,2,0.4771,68,16,X,XYYYYYYYxyyyyyy,4,17,True,3,2,2,-15,YYYYYYYXyyyyyyx,YX
517,12,0,3,10,3,2,0.4771,83,18,X,XYYYYYYYYxyyyyyyy,4,19,True,3,2,2,-17,YYYYYYYYXyyyyyyyx,Yx
518,13,0,3,10,3,2,0.4771,83,18,X,XYYYYYYYYxyyyyyyy,4,19,True,3,2,2,-17,YYYYYYYYXyyyyyyyx,YX
2,14,0,3,10,4,3,0.6021,0,6,X,XYYxy,4,8,True,4,3,2,-6,YYXyx,YYx
3,15,0,3,10,4,3,0.6021,0,6,X,XYYxy,4,8,True,4,3,2,-6,YYX,YYXyx
7,16,0,3,10,4,3,0.6021,4,10,XXYxy,XYYxy,4,10,True,4,3,2,-8,YYXyx,YXXyx
9,17,0,3,10,4,3,0.6021,4,10,XXYxy,XYYxy,4,10,True,4,3,2,-8,YYXyx,YXyxx
16,18,0,3,10,4,3,0.6021,4,10,XXYxy,XYYxy,4,11,True,4,3,2,-9,YYXyx,YXYXyx
17,19,0,3,10,4,3,0.6021,6,11,XXYxy,XXYYxy,8,11,True,4,3,2,-9,YYXXyx,YYXyx
21,20,0,3,10,4,3,0.6021,4,10,XXYxy,XYYxy,4,11,True,4,3,2,-9,YYXyx,YXyxYx
23,21,0,3,10,4,3,0.6021,6,11,XXYxy,XXYYxy,8,11,True,4,3,2,-9,YYXyx,YYXyxx
34,22,0,3,10,4,3,0.6021,5,11,XXYxy,XXYXyy,8,12,True,4,3,2,-10,YYXYxyx,YYXyx
36,23,0,3,10,4,3,0.6021,3,10,XXYxY,XYYxy,8,12,True,4,3,2,-10,YYXyx,YYXyxyX
38,24,0,3,10,4,3,0.6021,4,10,XXYxy,XYYxy,4,12,True,4,3,2,-10,YYXyxYX,YYXyx
39,25,0,3,10,4,3,0.6021,6,11,XXYxy,XXYYxy,8,12,True,4,3,2,-10,YYXyXyx,YYXyx
40,26,0,3,10,4,3,0.6021,6,11,XXYxy,XXYYxy,8,12,True,4,3,2,-10,YYXYXyx,YYXyx
41,27,0,3,10,4,3,0.6021,12,12,XXYxy,XXXYYxy,8,12,True,4,3,2,-10,YYYXXyx,YYXyx
47,28,0,3,10,4,3,0.6021,16,12,XXYxy,XXYYxxy,8,12,True,4,3,2,-10,YYXXyyx,YYXyx
51,29,0,3,10,4,3,0.6021,4,10,XXYxy,XYYxy,4,12,True,4,3,2,-10,YYXyx,YYxYXyx
52,30,0,3,10,4,3,0.6021,3,10,XXYxY,XYYxy,8,12,True,4,3,2,-10,YYXyx,YYxyXyx
53,31,0,3,10,4,3,0.6021,6,11,XXYxy,XXYYxy,8,12,True,4,3,2,-10,YYXyxYx,YYXyx
54,32,0,3,10,4,3,0.6021,5,11,XXYxy,XXYXyy,8,12,True,4,3,2,-10,YYXyXYx,YYXyx
59,33,0,3,10,4,3,0.6021,12,12,XXYxy,XXXYYxy,8,12,True,4,3,2,-10,YYYXyxx,YYXyx
61,34,0,3,10,4,3,0.6021,16,12,XXYxy,XXYYxxy,8,12,True,4,3,2,-10,YYXyx,YYXyyxx
65,35,0,3,10,4,3,0.6021,6,11,XXYxy,XXYYxy,8,12,True,4,3,2,-10,YYXyx,YYXyxyx
88,36,0,3,10,4,3,0.6021,5,11,XXYxy,XXYXyy,8,13,True,4,3,2,-11,YYXYxyyx,YYXyx
90,37,0,3,10,4,3,0.6021,3,10,XXYxY,XYYxy,8,13,True,4,3,2,-11,YYYXyxyX,YYXyx
97,38,0,3,10,4,3,0.6021,12,12,XXYxy,XXXYYxy,8,13,True,4,3,2,-11,YYYXyXyx,YYXyx
110,39,0,3,10,4,3,0.6021,16,12,XXYxy,XXYYxxy,8,13,True,4,3,2,-11,YYXYXyyx,YYXyx
122,40,0,3,10,4,3,0.6021,3,10,XXYxY,XYYxy,8,13,True,4,3,2,-11,YYYxyXyx,YYXyx
124,41,0,3,10,4,3,0.6021,5,11,XXYxy,XXYXyy,8,13,True,4,3,2,-11,YYXyx,YYXyyXYx
133,42,0,3,10,4,3,0.6021,16,12,XXYxy,XXYYxxy,8,13,True,4,3,2,-11,YYXyx,YYXyyxYx
157,43,0,3,10,4,3,0.6021,12,12,XXYxy,XXXYYxy,8,13,True,4,3,2,-11,YYYXyxyx,YYXyx
172,44,0,3,10,4,3,0.6021,1,8,X,XYYYxyy,4,10,True,4,3,2,-8,YYYXyyx,YYx
173,45,0,3,10,4,3,0.6021,1,8,X,XYYYxyy,4,10,True,4,3,2,-8,YYYXyyx,YYX
214,46,0,3,10,4,3,0.6021,24,13,XXYYxy,XXXyxxY,8,14,True,4,3,2,-12,YYYXyyx,YYxyxyX
223,47,0,3,10,4,3,0.6021,24,13,XXYYxy,XXXyxxY,8,14,True,4,3,2,-12,YYYXyyx,YYxyXyX
249,48,0,3,10,4,3,0.6021,50,14,XXXYYxy,XXXYxxy,8,15,True,4,3,2,-13,YYYXyXyx,YYYXyyx
260,49,0,3,10,4,3,0.6021,24,13,XXYYxy,XXXyxxY,8,15,True,4,3,2,-13,YYYXyyx,YYXyyxYX
262,50,0,3,10,4,3,0.6021,53,14,XXXYxxy,XXYYxxy,8,15,True,4,3,2,-13,YYYXyyx,YYXYXyyx
263,51,0,3,10,4,3,0.6021,60,15,XXXYxxy,XXXYYxxy,8,15,True,4,3,2,-13,YYYXXyyx,YYYXyyx
277,52,0,3,10,4,3,0.6021,24,13,XXYYxy,XXXyxxY,8,15,True,4,3,2,-13,YYYXyyx,YYxYXyyx
281,53,0,3,10,4,3,0.6021,53,14,XXXYxxy,XXYYxxy,8,15,True,4,3,2,-13,YYYXyyx,YYXyyxYx
289,54,0,3,10,4,3,0.6021,60,15,XXXYxxy,XXXYYxxy,8,15,True,4,3,2,-13,YYYXyyx,YYYXyyxx
295,55,0,3,10,4,3,0.6021,50,14,XXXYYxy,XXXYxxy,8,15,True,4,3,2,-13,YYYXyxyx,YYYXyyx
310,56,0,3,10,4,3,0.6021,2,10,X,XYYYYxyyy,4,12,True,4,3,2,-10,YYYYXyyyx,YYx
311,57,0,3,10,4,3,0.6021,2,10,X,XYYYYxyyy,4,12,True,4,3,2,-10,YYYYXyyyx,YYX
408,58,0,3,10,4,3,0.6021,9,12,X,XYYYYYxyyyy,4,14,True,4,3,2,-12,YYYYYXyyyyx,YYx
409,59,0,3,10,4,3,0.6021,9,12,X,XYYYYYxyyyy,4,14,True,4,3,2,-12,YYYYYXyyyyx,YYX
460,60,0,3,10,4,3,0.6021,47,14,X,XYYYYYYxyyyyy,4,16,True,4,3,2,-14,YYYYYYXyyyyyx,YYx
461,61,0,3,10,4,3,0.6021,47,14,X,XYYYYYYxyyyyy,4,16,True,4,3,2,-14,YYYYYYXyyyyyx,YYX
495,62,0,3,10,4,3,0.6021,68,16,X,XYYYYYYYxyyyyyy,4,18,True,4,3,2,-16,YYYYYYYXyyyyyyx,YYx
496,63,0,3,10,4,3,0.6021,68,16,X,XYYYYYYYxyyyyyy,4,18,True,4,3,2,-16,YYYYYYYXyyyyyyx,YYX
519,64,0,3,10,4,3,0.6021,83,18,X,XYYYYYYYYxyyyyyyy,4,20,True,4,3,2,-18,YYYYYYYYXyyyyyyyx,YYx
520,65,0,3,10,4,3,0.6021,83,18,X,XYYYYYYYYxyyyyyyy,4,20,True,4,3,2,-18,YYYYYYYYXyyyyyyyx,YYX
4,66,0,3,10,5,4,0.699,0,6,X,XYYxy,4,9,True,5,4,2,-7,YYYx,YYXyx
5,67,0,3,10,5,4,0.699,0,6,X,XYYxy,4,9,True,5,4,2,-7,YYYX,YYXyx
12,68,0,3,10,5,4,0.699,5,11,XXYxy,XXYXyy,8,11,True,5,4,2,-9,YYXYxx,YYXyx
14,69,0,3,10,5,4,0.699,3,10,XXYxY,XYYxy,8,11,True,5,4,2,-9,YYXyx,YXYxyx
15,70,0,3,10,5,4,0.699,4,10,XXYxy,XYYxy,4,11,True,5,4,2,-9,YYXyx,YXyXyx
22,71,0,3,10,5,4,0.699,3,10,XXYxY,XYYxy,8,11,True,5,4,2,-9,YYXyx,YXyXYx
24,72,0,3,10,5,4,0.699,5,11,XXYxy,XXYXyy,8,11,True,5,4,2,-9,YYXXYx,YYXyx
27,73,0,3,10,5,4,0.699,4,10,XXYxy,XYYxy,4,11,True,5,4,2,-9,YYXyx,YXYxyX
79,74,0,3,10,5,4,0.699,26,13,XXYYxy,XXYxyXY,24,13,True,5,4,2,-11,YYXyx,YXXYXyxx
81,75,0,3,10,5,4,0.699,37,13,XXYxy,XXYYYxyy,8,13,True,5,4,2,-11,YYXXXyxx,YYXyx
92,76,0,3,10,5,4,0.699,43,13,XXYxy,XYXYxyyy,16,13,True,5,4,2,-11,YYXyx,YXXXyxYx
94,77,0,3,10,5,4,0.699,4,10,XXYxy,XYYxy,4,13,True,5,4,2,-11,YYYXyxYX,YYXyx
95,78,0,3,10,5,4,0.699,6,11,XXYxy,XXYYxy,8,13,True,5,4,2,-11,YYXyx,YYXyyXyx
96,79,0,3,10,5,4,0.699,6,11,XXYxy,XXYYxy,8,13,True,5,4,2,-11,YYXYYXyx,YYXyx
98,80,0,3,10,5,4,0.699,12,12,XXYxy,XXXYYxy,8,13,True,5,4,2,-11,YYYXYXyx,YYXyx
99,81,0,3,10,5,4,0.699,29,13,XXYxy,XXXXYYxy,8,13,True,5,4,2,-11,YYYYXXyx,YYXyx
104,82,0,3,10,5,4,0.699,15,12,XXYxy,XXYXXyy,8,13,True,5,4,2,-11,YYXYYxyx,YYXyx
108,83,0,3,10,5,4,0.699,8,11,XXYxy,XXyxYY,8,13,True,5,4,2,-11,YYXyx,YYXyyxYX
109,84,0,3,10,5,4,0.699,16,12,XXYxy,XXYYxxy,8,13,True,5,4,2,-11,YYXyXyyx,YYXyx
111,85,0,3,10,5,4,0.699,33,13,XXYxy,XXXYYxxy,8,13,True,5,4,2,-11,YYYXXyyx,YYXyx
117,86,0,3,10,5,4,0.699,35,13,XXYxy,XXXyxxYY,8,13,True,5,4,2,-11,YYYxxyyX,YYXyx
121,87,0,3,10,5,4,0.699,4,10,XXYxy,XYYxy,4,13,True,5,4,2,-11,YYYxYXyx,YYXyx
123,88,0,3,10,5,4,0.699,6,11,XXYxy,XXYYxy,8,13,True,5,4,2,-11,YYXyxYYx,YYXyx
125,89,0,3,10,5,4,0.699,8,11,XXYxy,XXyxYY,8,13,True,5,4,2,-11,YYXyx,YYxYXyyx
129,90,0,3,10,5,4,0.699,26,13,XXYYxy,XXYxyXY,24,13,True,5,4,2,-11,YYXyx,YXXyxYxx
131,91,0,3,10,5,4,0.699,12,12,XXYxy,XXXYYxy,8,13,True,5,4,2,-11,YYYXyxYx,YYXyx
134,92,0,3,10,5,4,0.699,15,12,XXYxy,XXYXXyy,8,13,True,5,4,2,-11,YYXyXYYx,YYXyx
137,93,0,3,10,5,4,0.699,37,13,XXYxy,XXYYYxyy,8,13,True,5,4,2,-11,YYXXyxxx,YYXyx
139,94,0,3,10,5,4,0.699,43,13,XXYxy,XYXYxyyy,16,13,True,5,4,2,-11,YYXyx,YXYXyxxx
147,95,0,3,10,5,4,0.699,29,13,XXYxy,XXXXYYxy,8,13,True,5,4,2,-11,YYYYXyxx,YYXyx
151,96,0,3,10,5,4,0.699,33,13,XXYxy,XXXYYxxy,8,13,True,5,4,2,-11,YYYXyyxx,YYXyx
153,97,0,3,10,5,4,0.699,35,13,XXYxy,XXXyxxYY,8,13,True,5,4,2,-11,YYYxyyXX,YYXyx
158,98,0,3,10,5,4,0.699,6,11,XXYxy,XXYYxy,8,13,True,5,4,2,-11,YYXYxyyX,YYXyx
163,99,0,3,10,5,4,0.699,16,12,XXYxy,XXYYxxy,8,13,True,5,4,2,-11,YYXyx,YYXyyxyx
174,100,0,3,10,5,4,0.699,1,8,X,XYYYxyy,4,11,True,5,4,2,-9,YYYXyyx,YYYx
175,101,0,3,10,5,4,0.699,1,8,X,XYYYxyy,4,11,True,5,4,2,-9,YYYX,YYYXyyx
189,102,0,3,10,5,4,0.699,24,13,XXYYxy,XXXyxxY,8,13,True,5,4,2,-11,YYYXyyx,YYxxyX
195,103,0,3,10,5,4,0.699,24,13,XXYYxy,XXXyxxY,8,13,True,5,4,2,-11,YYYXyyx,YYxyXX
209,104,0,3,10,5,4,0.699,50,14,XXXYYxy,XXXYxxy,8,14,True,5,4,2,-12,YYYXXyx,YYYXyyx
215,105,0,3,10,5,4,0.699,53,14,XXXYxxy,XXYYxxy,8,14,True,5,4,2,-12,YYYXyyx,YYXXyyx
225,106,0,3,10,5,4,0.699,50,14,XXXYYxy,XXXYxxy,8,14,True,5,4,2,-12,YYYXyxx,YYYXyyx
227,107,0,3,10,5,4,0.699,53,14,XXXYxxy,XXYYxxy,8,14,True,5,4,2,-12,YYYXyyx,YYXyyxx
240,108,0,3,10,5,4,0.699,48,14,XXXYXyy,XXXYxxy,8,15,True,5,4,2,-13,YYYXYxyx,YYYXyyx
250,109,0,3,10,5,4,0.699,50,14,XXXYYxy,XXXYxxy,8,15,True,5,4,2,-13,YYYXYXyx,YYYXyyx
258,110,0,3,10,5,4,0.699,20,13,XXYXyy,XXXyxxY,8,15,True,5,4,2,-13,YYYXyyx,YYXyyxyX
261,111,0,3,10,5,4,0.699,53,14,XXXYxxy,XXYYxxy,8,15,True,5,4,2,-13,YYYXyyx,YYXyXyyx
278,112,0,3,10,5,4,0.699,20,13,XXYXyy,XXXyxxY,8,15,True,5,4,2,-13,YYYXyyx,YYxYXyyX
279,113,0,3,10,5,4,0.699,50,14,XXXYYxy,XXXYxxy,8,15,True,5,4,2,-13,YYYXyxYx,YYYXyyx
280,114,0,3,10,5,4,0.699,48,14,XXXYXyy,XXXYxxy,8,15,True,5,4,2,-13,YYYXyXYx,YYYXyyx
301,115,0,3,10,5,4,0.699,53,14,XXXYxxy,XXYYxxy,8,15,True,5,4,2,-13,YYYXyyx,YYXyyxyx
312,116,0,3,10,5,4,0.699,2,10,X,XYYYYxyyy,4,13,True,5,4,2,-11,YYYYXyyyx,YYYx
313,117,0,3,10,5,4,0.699,2,10,X,XYYYYxyyy,4,13,True,5,4,2,-11,YYYYXyyyx,YYYX
378,118,0,3,10,5,4,0.699,71,16,XXXYYxy,XXXXyxxxY,8,17,True,5,4,2,-15,YYYYXyyyx,YYYxyxyX
389,119,0,3,10,5,4,0.699,71,16,XXXYYxy,XXXXyxxxY,8,17,True,5,4,2,-15,YYYYXyyyx,YYYxyXyX
410,120,0,3,10,5,4,0.699,9,12,X,XYYYYYxyyyy,4,15,True,5,4,2,-13,YYYYYXyyyyx,YYYx
411,121,0,3,10,5,4,0.699,9,12,X,XYYYYYxyyyy,4,15,True,5,4,2,-13,YYYYYXyyyyx,YYYX
462,122,0,3,10,5,4,0.699,47,14,X,XYYYYYYxyyyyy,4,17,True,5,4,2,-15,YYYYYYXyyyyyx,YYYx
463,123,0,3,10,5,4,0.699,47,14,X,XYYYYYYxyyyyy,4,17,True,5,4,2,-15,YYYYYYXyyyyyx,YYYX
497,124,0,3,10,5,4,0.699,68,16,X,XYYYYYYYxyyyyyy,4,19,True,5,4,2,-17,YYYYYYYXyyyyyyx,YYYx
498,125,0,3,10,5,4,0.699,68,16,X,XYYYYYYYxyyyyyy,4,19,True,5,4,2,-17,YYYYYYYXyyyyyyx,YYYX
521,126,0,3,10,5,4,0.699,83,18,X,XYYYYYYYYxyyyyyyy,4,21,True,5,4,2,-19,YYYYYYYYXyyyyyyyx,YYYx
522,127,0,3,10,5,4,0.699,83,18,X,XYYYYYYYYxyyyyyyy,4,21,True,5,4,2,-19,YYYYYYYYXyyyyyyyx,YYYX
8,128,0,3,10,6,5,0.7782,0,6,X,XYYxy,4,10,True,6,5,2,-8,YYYYx,YYXyx
11,129,0,3,10,6,5,0.7782,0,6,X,XYYxy,4,10,True,6,5,2,-8,YYYYX,YYXyx
33,130,0,3,10,6,5,0.7782,5,11,XXYxy,XXYXyy,8,12,True,6,5,2,-10,YYXYxYx,YYXyx
37,131,0,3,10,6,5,0.7782,4,10,XXYxy,XYYxy,4,12,True,6,5,2,-10,YYXyx,YYxyXYx
42,132,0,3,10,6,5,0.7782,15,12,XXYxy,XXYXXyy,8,12,True,6,5,2,-10,YYXYYxx,YYXyx
46,133,0,3,10,6,5,0.7782,8,11,XXYxy,XXyxYY,8,12,True,6,5,2,-10,YYXyx,YYxyxyX
55,134,0,3,10,6,5,0.7782,8,11,XXYxy,XXyxYY,8,12,True,6,5,2,-10,YYXyx,YYxyXyX
62,135,0,3,10,6,5,0.7782,15,12,XXYxy,XXYXXyy,8,12,True,6,5,2,-10,YYXXYYx,YYXyx
66,136,0,3,10,6,5,0.7782,4,10,XXYxy,XYYxy,4,12,True,6,5,2,-10,YYXYxyX,YYXyx
68,137,0,3,10,6,5,0.7782,5,11,XXYxy,XXYXyy,8,12,True,6,5,2,-10,YYXYXYx,YYXyx
178,138,0,3,10,6,5,0.7782,1,8,X,XYYYxyy,4,12,True,6,5,2,-10,YYYYx,YYYXyyx
181,139,0,3,10,6,5,0.7782,1,8,X,XYYYxyy,4,12,True,6,5,2,-10,YYYYX,YYYXyyx
200,140,0,3,10,6,5,0.7782,48,14,XXXYXyy,XXXYxxy,8,14,True,6,5,2,-12,YYYXYxx,YYYXyyx
212,141,0,3,10,6,5,0.7782,20,13,XXYXyy,XXXyxxY,8,14,True,6,5,2,-12,YYYXyyx,YYxyxYX
213,142,0,3,10,6,5,0.7782,24,13,XXYYxy,XXXyxxY,8,14,True,6,5,2,-12,YYYXyyx,YYxYxyX
224,143,0,3,10,6,5,0.7782,20,13,XXYXyy,XXXyxxY,8,14,True,6,5,2,-12,YYYXyyx,YYxYXyX
226,144,0,3,10,6,5,0.7782,48,14,XXXYXyy,XXXYxxy,8,14,True,6,5,2,-12,YYYXXYx,YYYXyyx
235,145,0,3,10,6,5,0.7782,24,13,XXYYxy,XXXyxxY,8,14,True,6,5,2,-12,YYYXyyx,YYxyXYX
315,146,0,3,10,6,5,0.7782,2,10,X,XYYYYxyyy,4,14,True,6,5,2,-12,YYYYXyyyx,YYYYx
317,147,0,3,10,6,5,0.7782,2,10,X,XYYYYxyyy,4,14,True,6,5,2,-12,YYYYX,YYYYXyyyx
342,148,0,3,10,6,5,0.7782,71,16,XXXYYxy,XXXXyxxxY,8,16,True,6,5,2,-14,YYYYXyyyx,YYYxxyX
351,149,0,3,10,6,5,0.7782,71,16,XXXYYxy,XXXXyxxxY,8,16,True,6,5,2,-14,YYYYXyyyx,YYYxyXX
366,150,0,3,10,6,5,0.7782,76,17,XXXXYYxy,XXXXYxxxy,8,17,True,6,5,2,-15,YYYYXXyx,YYYYXyyyx
379,151,0,3,10,6,5,0.7782,80,17,XXXYYxxy,XXXXyxxxY,8,17,True,6,5,2,-15,YYYYXyyyx,YYYxxyyX
391,152,0,3,10,6,5,0.7782,76,17,XXXXYYxy,XXXXYxxxy,8,17,True,6,5,2,-15,YYYYXyxx,YYYYXyyyx
394,153,0,3,10,6,5,0.7782,80,17,XXXYYxxy,XXXXyxxxY,8,17,True,6,5,2,-15,YYYYXyyyx,YYYxyyXX
413,154,0,3,10,6,5,0.7782,9,12,X,XYYYYYxyyyy,4,16,True,6,5,2,-14,YYYYYXyyyyx,YYYYx
415,155,0,3,10,6,5,0.7782,9,12,X,XYYYYYxyyyy,4,16,True,6,5,2,-14,YYYYYXyyyyx,YYYYX
465,156,0,3,10,6,5,0.7782,47,14,X,XYYYYYYxyyyyy,4,18,True,6,5,2,-16,YYYYYYXyyyyyx,YYYYx
467,157,0,3,10,6,5,0.7782,47,14,X,XYYYYYYxyyyyy,4,18,True,6,5,2,-16,YYYYYYXyyyyyx,YYYYX
499,158,0,3,10,6,5,0.7782,68,16,X,XYYYYYYYxyyyyyy,4,20,True,6,5,2,-18,YYYYYYYXyyyyyyx,YYYYx
500,159,0,3,10,6,5,0.7782,68,16,X,XYYYYYYYxyyyyyy,4,20,True,6,5,2,-18,YYYYYYYXyyyyyyx,YYYYX
523,160,0,3,10,6,5,0.7782,83,18,X,XYYYYYYYYxyyyyyyy,4,22,True,6,5,2,-20,YYYYYYYYXyyyyyyyx,YYYYx
524,161,0,3,10,6,5,0.7782,83,18,X,XYYYYYYYYxyyyyyyy,4,22,True,6,5,2,-20,YYYYYYYYXyyyyyyyx,YYYYX
6,162,0,3,10,7,5,0.8451,3,10,XXYxY,XYYxy,8,10,True,7,5,2,-8,YYXyx,YXYxx
10,163,0,3,10,7,5,0.8451,3,10,XXYxY,XYYxy,8,10,True,7,5,2,-8,YYXyx,YXXYx
13,164,0,3,10,7,6,0.8451,3,10,XXYxY,XYYxy,8,11,True,7,6,2,-9,YYXyx,YXYxYx
20,165,0,3,10,7,6,0.8451,0,6,X,XYYxy,4,11,True,7,6,2,-9,YYYYYx,YYXyx
28,166,0,3,10,7,6,0.8451,3,10,XXYxY,XYYxy,8,11,True,7,6,2,-9,YYXyx,YXYXYx
29,167,0,3,10,7,6,0.8451,0,6,X,XYYxy,4,11,True,7,6,2,-9,YYYYYX,YYXyx
80,168,0,3,10,7,6,0.8451,42,13,XXYxy,XYXYYxyy,16,13,True,7,6,2,-11,YYXyx,YXYXXyxx
84,169,0,3,10,7,6,0.8451,28,13,XXYxy,XXXXYXyy,8,13,True,7,6,2,-11,YYYYXYxx,YYXyx
87,170,0,3,10,7,6,0.8451,5,11,XXYxy,XXYXyy,8,13,True,7,6,2,-11,YYXYxYYx,YYXyx
93,171,0,3,10,7,6,0.8451,4,10,XXYxy,XYYxy,4,13,True,7,6,2,-11,YYYxyXYx,YYXyx
103,172,0,3,10,7,6,0.8451,15,12,XXYxy,XXYXXyy,8,13,True,7,6,2,-11,YYXYYxYx,YYXyx
112,173,0,3,10,7,6,0.8451,34,13,XXYxy,XXXyXXYY,8,13,True,7,6,2,-11,YYYxxYYX,YYXyx
127,174,0,3,10,7,6,0.8451,42,13,XXYxy,XYXYYxyy,16,13,True,7,6,2,-11,YYXyx,YXXyxxYx
148,175,0,3,10,7,6,0.8451,28,13,XXYxy,XXXXYXyy,8,13,True,7,6,2,-11,YYYYXXYx,YYXyx
154,176,0,3,10,7,6,0.8451,34,13,XXYxy,XXXyXXYY,8,13,True,7,6,2,-11,YYYxYYXX,YYXyx
159,177,0,3,10,7,6,0.8451,4,10,XXYxy,XYYxy,4,13,True,7,6,2,-11,YYYXYxyX,YYXyx
161,178,0,3,10,7,6,0.8451,5,11,XXYxy,XXYXyy,8,13,True,7,6,2,-11,YYXYYXYx,YYXyx
164,179,0,3,10,7,6,0.8451,15,12,XXYxy,XXYXXyy,8,13,True,7,6,2,-11,YYXYXYYx,YYXyx
190,180,0,3,10,7,6,0.8451,1,8,X,XYYYxyy,4,13,True,7,6,2,-11,YYYYYx,YYYXyyx
199,181,0,3,10,7,6,0.8451,1,8,X,XYYYxyy,4,13,True,7,6,2,-11,YYYYYX,YYYXyyx
239,182,0,3,10,7,6,0.8451,48,14,XXXYXyy,XXXYxxy,8,15,True,7,6,2,-13,YYYXYxYx,YYYXyyx
254,183,0,3,10,7,6,0.8451,59,15,XXXYxxy,XXXYXXyy,8,15,True,7,6,2,-13,YYYXYYxx,YYYXyyx
256,184,0,3,10,7,6,0.8451,52,14,XXXYxxy,XXYXXyy,8,15,True,7,6,2,-13,YYYXyyx,YYXYYxyx
259,185,0,3,10,7,6,0.8451,24,13,XXYYxy,XXXyxxY,8,15,True,7,6,2,-13,YYYXyyx,YYxYYxyX
282,186,0,3,10,7,6,0.8451,52,14,XXXYxxy,XXYXXyy,8,15,True,7,6,2,-13,YYYXyyx,YYXyXYYx
290,187,0,3,10,7,6,0.8451,59,15,XXXYxxy,XXXYXXyy,8,15,True,7,6,2,-13,YYYXXYYx,YYYXyyx
300,188,0,3,10,7,6,0.8451,48,14,XXXYXyy,XXXYxxy,8,15,True,7,6,2,-13,YYYXYXYx,YYYXyyx
305,189,0,3,10,7,6,0.8451,24,13,XXYYxy,XXXyxxY,8,15,True,7,6,2,-13,YYYXyyx,YYXYYxyX
323,190,0,3,10,7,6,0.8451,2,10,X,XYYYYxyyy,4,15,True,7,6,2,-13,YYYYYx,YYYYXyyyx
329,191,0,3,10,7,6,0.8451,2,10,X,XYYYYxyyy,4,15,True,7,6,2,-13,YYYYYX,YYYYXyyyx
358,192,0,3,10,7,6,0.8451,75,17,XXXXYXyy,XXXXYxxxy,8,17,True,7,6,2,-15,YYYYXYxx,YYYYXyyyx
377,193,0,3,10,7,6,0.8451,71,16,XXXYYxy,XXXXyxxxY,8,17,True,7,6,2,-15,YYYYXyyyx,YYYxYxyX
392,194,0,3,10,7,6,0.8451,75,17,XXXXYXyy,XXXXYxxxy,8,17,True,7,6,2,-15,YYYYXXYx,YYYYXyyyx
402,195,0,3,10,7,6,0.8451,71,16,XXXYYxy,XXXXyxxxY,8,17,True,7,6,2,-15,YYYYXyyyx,YYYxyXYX
419,196,0,3,10,7,6,0.8451,9,12,X,XYYYYYxyyyy,4,17,True,7,6,2,-15,YYYYYXyyyyx,YYYYYx
423,197,0,3,10,7,6,0.8451,9,12,X,XYYYYYxyyyy,4,17,True,7,6,2,-15,YYYYYX,YYYYYXyyyyx
446,198,0,3,10,7,6,0.8451,90,19,XXXXYYxy,XXXXXyxxxxY,8,19,True,7,6,2,-17,YYYYYXyyyyx,YYYYxxyX
454,199,0,3,10,7,6,0.8451,90,19,XXXXYYxy,XXXXXyxxxxY,8,19,True,7,6,2,-17,YYYYYXyyyyx,YYYYxyXX
468,200,0,3,10,7,6,0.8451,47,14,X,XYYYYYYxyyyyy,4,19,True,7,6,2,-17,YYYYYYXyyyyyx,YYYYYx
469,201,0,3,10,7,6,0.8451,47,14,X,XYYYYYYxyyyyy,4,19,True,7,6,2,-17,YYYYYYXyyyyyx,YYYYYX
501,202,0,3,10,7,6,0.8451,68,16,X,XYYYYYYYxyyyyyy,4,21,True,7,6,2,-19,YYYYYYYXyyyyyyx,YYYYYx
502,203,0,3,10,7,6,0.8451,68,16,X,XYYYYYYYxyyyyyy,4,21,True,7,6,2,-19,YYYYYYYXyyyyyyx,YYYYYX
525,204,0,3,10,7,6,0.8451,83,18,X,XYYYYYYYYxyyyyyyy,4,23,True,7,6,2,-21,YYYYYYYYXyyyyyyyx,YYYYYx
526,205,0,3,10,7,6,0.8451,83,18,X,XYYYYYYYYxyyyyyyy,4,23,True,7,6,2,-21,YYYYYYYYXyyyyyyyx,YYYYYX
19,206,0,3,10,8,6,0.9031,8,11,XXYxy,XXyxYY,8,11,True,8,6,2,-9,YYXyx,YYxxyX
25,207,0,3,10,8,6,0.9031,8,11,XXYxy,XXyxYY,8,11,True,8,6,2,-9,YYXyx,YYxyXX
72,208,0,3,10,8,6,0.9031,36,13,XXYxy,XXYYXyyy,8,13,True,8,6,2,-11,YYXXYxxx,YYXyx
75,209,0,3,10,8,6,0.9031,21,13,XXYXyy,XXyXYxy,24,13,True,8,6,2,-11,YYXyx,YXXYxyxx
86,210,0,3,10,8,6,0.9031,11,12,XXYxy,XXXYXyy,8,13,True,8,6,2,-11,YYYXYxyx,YYXyx
91,211,0,3,10,8,6,0.9031,27,13,XXYxY,XYYYXYxy,32,13,True,8,6,2,-11,YYXyx,YXyXYxxx
106,212,0,3,10,8,6,0.9031,7,11,XXYxy,XXyXYY,8,13,True,8,6,2,-11,YYXyx,YYXyyxyX
126,213,0,3,10,8,6,0.9031,7,11,XXYxy,XXyXYY,8,13,True,8,6,2,-11,YYXyx,YYxYXyyX
130,214,0,3,10,8,6,0.9031,21,13,XXYXyy,XXyXYxy,24,13,True,8,6,2,-11,YYXyx,YXXyXYxx
132,215,0,3,10,8,6,0.9031,11,12,XXYxy,XXXYXyy,8,13,True,8,6,2,-11,YYYXyXYx,YYXyx
138,216,0,3,10,8,6,0.9031,36,13,XXYxy,XXYYXyyy,8,13,True,8,6,2,-11,YYXXXYxx,YYXyx
140,217,0,3,10,8,6,0.9031,27,13,XXYxY,XYYYXYxy,32,13,True,8,6,2,-11,YYXyx,YXXXYxyx
32,218,0,3,10,8,7,0.9031,11,12,XXYxy,XXXYXyy,8,12,True,8,7,2,-10,YYYXYxx,YYXyx
35,219,0,3,10,8,7,0.9031,3,10,XXYxY,XYYxy,8,12,True,8,7,2,-10,YYXyx,YYxYXYx
44,220,0,3,10,8,7,0.9031,7,11,XXYxy,XXyXYY,8,12,True,8,7,2,-10,YYXyx,YYxyxYX
45,221,0,3,10,8,7,0.9031,8,11,XXYxy,XXyxYY,8,12,True,8,7,2,-10,YYXyx,YYxYxyX
50,222,0,3,10,8,7,0.9031,0,6,X,XYYxy,4,12,True,8,7,2,-10,YYYYYYx,YYXyx
56,223,0,3,10,8,7,0.9031,7,11,XXYxy,XXyXYY,8,12,True,8,7,2,-10,YYXyx,YYxYXyX
60,224,0,3,10,8,7,0.9031,11,12,XXYxy,XXXYXyy,8,12,True,8,7,2,-10,YYYXXYx,YYXyx
67,225,0,3,10,8,7,0.9031,3,10,XXYxY,XYYxy,8,12,True,8,7,2,-10,YYXYxYX,YYXyx
69,226,0,3,10,8,7,0.9031,8,11,XXYxy,XXyxYY,8,12,True,8,7,2,-10,YYXyx,YYxyXYX
71,227,0,3,10,8,7,0.9031,0,6,X,XYYxy,4,12,True,8,7,2,-10,YYYYYYX,YYXyx
177,228,0,3,10,8,7,0.9031,18,12,XXYxy,XYYYxyy,8,12,True,8,7,2,-10,YYYXyyx,YXXyx
179,229,0,3,10,8,7,0.9031,18,12,XXYxy,XYYYxyy,8,12,True,8,7,2,-10,YYYXyyx,YXyxx
187,230,0,3,10,8,7,0.9031,23,13,XXYYxy,XXXYxxy,8,13,True,8,7,2,-11,YYYXyyx,YYXXyx
188,231,0,3,10,8,7,0.9031,20,13,XXYXyy,XXXyxxY,8,13,True,8,7,2,-11,YYYXyyx,YYxxYX
193,232,0,3,10,8,7,0.9031,23,13,XXYYxy,XXXYxxy,8,13,True,8,7,2,-11,YYYXyyx,YYXyxx
196,233,0,3,10,8,7,0.9031,20,13,XXYXyy,XXXyxxY,8,13,True,8,7,2,-11,YYYXyyx,YYxYXX
211,234,0,3,10,8,7,0.9031,20,13,XXYXyy,XXXyxxY,8,14,True,8,7,2,-12,YYYXyyx,YYxYxYX
218,235,0,3,10,8,7,0.9031,1,8,X,XYYYxyy,4,14,True,8,7,2,-12,YYYYYYx,YYYXyyx
236,236,0,3,10,8,7,0.9031,20,13,XXYXyy,XXXyxxY,8,14,True,8,7,2,-12,YYYXyyx,YYxYXYX
237,237,0,3,10,8,7,0.9031,1,8,X,XYYYxyy,4,14,True,8,7,2,-12,YYYYYYX,YYYXyyx
343,238,0,3,10,8,7,0.9031,2,10,X,XYYYYxyyy,4,16,True,8,7,2,-14,YYYYYYx,YYYYXyyyx
357,239,0,3,10,8,7,0.9031,2,10,X,XYYYYxyyy,4,16,True,8,7,2,-14,YYYYYYX,YYYYXyyyx
376,240,0,3,10,8,7,0.9031,70,16,XXXYXyy,XXXXyxxxY,8,17,True,8,7,2,-15,YYYYXyyyx,YYYxyxYX
390,241,0,3,10,8,7,0.9031,70,16,XXXYXyy,XXXXyxxxY,8,17,True,8,7,2,-15,YYYYXyyyx,YYYxYXyX
430,242,0,3,10,8,7,0.9031,9,12,X,XYYYYYxyyyy,4,18,True,8,7,2,-16,YYYYYYx,YYYYYXyyyyx
437,243,0,3,10,8,7,0.9031,9,12,X,XYYYYYxyyyy,4,18,True,8,7,2,-16,YYYYYYX,YYYYYXyyyyx
473,244,0,3,10,8,7,0.9031,47,14,X,XYYYYYYxyyyyy,4,20,True,8,7,2,-18,YYYYYYXyyyyyx,YYYYYYx
477,245,0,3,10,8,7,0.9031,47,14,X,XYYYYYYxyyyyy,4,20,True,8,7,2,-18,YYYYYYX,YYYYYYXyyyyyx
504,246,0,3,10,8,7,0.9031,68,16,X,XYYYYYYYxyyyyyy,4,22,True,8,7,2,-20,YYYYYYYXyyyyyyx,YYYYYYx
506,247,0,3,10,8,7,0.9031,68,16,X,XYYYYYYYxyyyyyy,4,22,True,8,7,2,-20,YYYYYYYXyyyyyyx,YYYYYYX
528,248,0,3,10,8,7,0.9031,83,18,X,XYYYYYYYYxyyyyyyy,4,24,True,8,7,2,-22,YYYYYYYYXyyyyyyyx,YYYYYYx
530,249,0,3,10,8,7,0.9031,83,18,X,XYYYYYYYYxyyyyyyy,4,24,True,8,7,2,-22,YYYYYYYYXyyyyyyyx,YYYYYYX
31,250,0,3,10,9,7,0.9542,18,12,XXYxy,XYYYxyy,8,12,True,9,7,2,-10,YYXyx,YXXXyxx
57,251,0,3,10,9,7,0.9542,18,12,XXYxy,XYYYxyy,8,12,True,9,7,2,-10,YYXyx,YXXyxxx
210,252,0,3,10,9,7,0.9542,52,14,XXXYxxy,XXYXXyy,8,14,True,9,7,2,-12,YYYXyyx,YYXYYxx
228,253,0,3,10,9,7,0.9542,52,14,XXXYxxy,XXYXXyy,8,14,True,9,7,2,-12,YYYXyyx,YYXXYYx
85,254,0,3,10,9,8,0.9542,11,12,XXYxy,XXXYXyy,8,13,True,9,8,2,-11,YYYXYxYx,YYXyx
89,255,0,3,10,9,8,0.9542,3,10,XXYxY,XYYxy,8,13,True,9,8,2,-11,YYYxYXYx,YYXyx
116,256,0,3,10,9,8,0.9542,14,12,XXYxy,XXXyxYY,8,13,True,9,8,2,-11,YYYxyxyX,YYXyx
120,257,0,3,10,9,8,0.9542,0,6,X,XYYxy,4,13,True,9,8,2,-11,YYYYYYYx,YYXyx
135,258,0,3,10,9,8,0.9542,14,12,XXYxy,XXXyxYY,8,13,True,9,8,2,-11,YYYxyXyX,YYXyx
160,259,0,3,10,9,8,0.9542,3,10,XXYxY,XYYxy,8,13,True,9,8,2,-11,YYYXYxYX,YYXyx
162,260,0,3,10,9,8,0.9542,11,12,XXYxy,XXXYXyy,8,13,True,9,8,2,-11,YYYXYXYx,YYXyx
167,261,0,3,10,9,8,0.9542,8,11,XXYxy,XXyxYY,8,13,True,9,8,2,-11,YYXYYxyX,YYXyx
169,262,0,3,10,9,8,0.9542,0,6,X,XYYxy,4,13,True,9,8,2,-11,YYYYYYYX,YYXyx
191,263,0,3,10,9,8,0.9542,18,12,XXYxy,XYYYxyy,8,13,True,9,8,2,-11,YYYXyyx,YXyxYx
204,264,0,3,10,9,8,0.9542,10,12,XXYxY,XYYYxyy,8,14,True,9,8,2,-12,YYYXyyx,YYXyxyX
242,265,0,3,10,9,8,0.9542,19,13,XXYXyy,XXXYxxy,8,15,True,9,8,2,-13,YYYXyyx,YYXYxyyx
244,266,0,3,10,9,8,0.9542,10,12,XXYxY,XYYYxyy,8,15,True,9,8,2,-13,YYYXyxyX,YYYXyyx
255,267,0,3,10,9,8,0.9542,52,14,XXXYxxy,XXYXXyy,8,15,True,9,8,2,-13,YYYXyyx,YYXYYxYx
257,268,0,3,10,9,8,0.9542,20,13,XXYXyy,XXXyxxY,8,15,True,9,8,2,-13,YYYXyyx,YYxYXYYx
272,269,0,3,10,9,8,0.9542,1,8,X,XYYYxyy,4,15,True,9,8,2,-13,YYYYYYYx,YYYXyyx
274,270,0,3,10,9,8,0.9542,10,12,XXYxY,XYYYxyy,8,15,True,9,8,2,-13,YYYXyyx,YYYxyXyx
276,271,0,3,10,9,8,0.9542,19,13,XXYXyy,XXXYxxy,8,15,True,9,8,2,-13,YYYXyyx,YYXyyXYx
302,272,0,3,10,9,8,0.9542,52,14,XXXYxxy,XXYXXyy,8,15,True,9,8,2,-13,YYYXyyx,YYXYXYYx
306,273,0,3,10,9,8,0.9542,20,13,XXYXyy,XXXyxxY,8,15,True,9,8,2,-13,YYYXyyx,YYXYYxYX
307,274,0,3,10,9,8,0.9542,1,8,X,XYYYxyy,4,15,True,9,8,2,-13,YYYYYYYX,YYYXyyx
325,275,0,3,10,9,8,0.9542,67,15,XXYYxy,XXXXYxxxy,8,15,True,9,8,2,-13,YYYYXyyyx,YYXyxx
335,276,0,3,10,9,8,0.9542,67,15,XXYYxy,XXXXYxxxy,8,16,True,9,8,2,-14,YYYYXyyyx,YYXyXyx
340,277,0,3,10,9,8,0.9542,73,16,XXYYxxy,XXXXYxxxy,8,16,True,9,8,2,-14,YYYYXyyyx,YYXXyyx
341,278,0,3,10,9,8,0.9542,70,16,XXXYXyy,XXXXyxxxY,8,16,True,9,8,2,-14,YYYYXyyyx,YYYxxYX
352,279,0,3,10,9,8,0.9542,70,16,XXXYXyy,XXXXyxxxY,8,16,True,9,8,2,-14,YYYYXyyyx,YYYxYXX
353,280,0,3,10,9,8,0.9542,67,15,XXYYxy,XXXXYxxxy,8,16,True,9,8,2,-14,YYYYXyyyx,YYXyxyx
361,281,0,3,10,9,8,0.9542,65,15,XXYXyy,XXXXYxxxy,8,17,True,9,8,2,-15,YYYYXyyyx,YYXYxyyx
372,282,0,3,10,9,8,0.9542,73,16,XXYYxxy,XXXXYxxxy,8,17,True,9,8,2,-15,YYYYXyyyx,YYXYXyyx
381,283,0,3,10,9,8,0.9542,2,10,X,XYYYYxyyy,4,17,True,9,8,2,-15,YYYYYYYx,YYYYXyyyx
384,284,0,3,10,9,8,0.9542,65,15,XXYXyy,XXXXYxxxy,8,17,True,9,8,2,-15,YYYYXyyyx,YYXyyXYx
387,285,0,3,10,9,8,0.9542,73,16,XXYYxxy,XXXXYxxxy,8,17,True,9,8,2,-15,YYYYXyyyx,YYXyyxYx
405,286,0,3,10,9,8,0.9542,2,10,X,XYYYYxyyy,4,17,True,9,8,2,-15,YYYYYYYX,YYYYXyyyx
447,287,0,3,10,9,8,0.9542,9,12,X,XYYYYYxyyyy,4,19,True,9,8,2,-17,YYYYYYYx,YYYYYXyyyyx
457,288,0,3,10,9,8,0.9542,9,12,X,XYYYYYxyyyy,4,19,True,9,8,2,-17,YYYYYYYX,YYYYYXyyyyx
484,289,0,3,10,9,8,0.9542,47,14,X,XYYYYYYxyyyyy,4,21,True,9,8,2,-19,YYYYYYYx,YYYYYYXyyyyyx
492,290,0,3,10,9,8,0.9542,47,14,X,XYYYYYYxyyyyy,4,21,True,9,8,2,-19,YYYYYYYX,YYYYYYXyyyyyx
511,291,0,3,10,9,8,0.9542,68,16,X,XYYYYYYYxyyyyyy,4,23,True,9,8,2,-21,YYYYYYYXyyyyyyx,YYYYYYYx
516,292,0,3,10,9,8,0.9542,68,16,X,XYYYYYYYxyyyyyy,4,23,True,9,8,2,-21,YYYYYYYX,YYYYYYYXyyyyyyx
531,293,0,3,10,9,8,0.9542,83,18,X,XYYYYYYYYxyyyyyyy,4,25,True,9,8,2,-23,YYYYYYYYXyyyyyyyx,YYYYYYYx
532,294,0,3,10,9,8,0.9542,83,18,X,XYYYYYYYYxyyyyyyy,4,25,True,9,8,2,-23,YYYYYYYYXyyyyyyyx,YYYYYYYX
18,295,0,3,10,10,8,1.0,7,11,XXYxy,XXyXYY,8,11,True,10,8,2,-9,YYXyx,YYxxYX
26,296,0,3,10,10,8,1.0,7,11,XXYxy,XXyXYY,8,11,True,10,8,2,-9,YYXyx,YYxYXX
76,297,0,3,10,10,8,1.0,22,13,XXYXyy,XXyxYXy,24,13,True,10,8,2,-11,YYXyx,YXXYxxyx
128,298,0,3,10,10,8,1.0,22,13,XXYXyy,XXyxYXy,24,13,True,10,8,2,-11,YYXyx,YXyXXYxx
186,299,0,3,10,10,8,1.0,18,12,XXYxy,XYYYxyy,8,13,True,10,8,2,-11,YYYXyyx,YXYXyx
231,300,0,3,10,10,8,1.0,23,13,XXYYxy,XXXYxxy,8,14,True,10,8,2,-12,YYYXyyx,YYXyxyx
271,301,0,3,10,10,8,1.0,58,15,XXXYxxy,XXXXyxYY,8,15,True,10,8,2,-13,YYYYxxyX,YYYXyyx
293,302,0,3,10,10,8,1.0,58,15,XXXYxxy,XXXXyxYY,8,15,True,10,8,2,-13,YYYYxyXX,YYYXyyx
321,303,0,3,10,10,8,1.0,67,15,XXYYxy,XXXXYxxxy,8,15,True,10,8,2,-13,YYYYXyyyx,YYXXyx
349,304,0,3,10,10,8,1.0,73,16,XXYYxxy,XXXXYxxxy,8,16,True,10,8,2,-14,YYYYXyyyx,YYXyyxx
30,305,0,3,10,10,9,1.0,17,12,XXYxy,XYYXyyy,8,12,True,10,9,2,-10,YYXyx,YXXYxxx
58,306,0,3,10,10,9,1.0,17,12,XXYxy,XYYXyyy,8,12,True,10,9,2,-10,YYXyx,YXXXYxx
374,307,0,3,10,10,9,1.0,78,17,XXXYXXyy,XXXXyxxxY,8,17,True,10,9,2,-15,YYYYXyyyx,YYYxxYYX
375,308,0,3,10,10,9,1.0,70,16,XXXYXyy,XXXXyxxxY,8,17,True,10,9,2,-15,YYYYXyyyx,YYYxYxYX
395,309,0,3,10,10,9,1.0,78,17,XXXYXXyy,XXXXyxxxY,8,17,True,10,9,2,-15,YYYYXyyyx,YYYxYYXX
403,310,0,3,10,10,9,1.0,70,16,XXXYXyy,XXXXyxxxY,8,17,True,10,9,2,-15,YYYYXyyyx,YYYxYXYX
429,311,0,3,10,10,9,1.0,86,18,XXYYxxy,XXXXXYxxxxy,8,18,True,10,9,2,-16,YYYYYXyyyyx,YYXXyyx
434,312,0,3,10,10,9,1.0,86,18,XXYYxxy,XXXXXYxxxxy,8,18,True,10,9,2,-16,YYYYYXyyyyx,YYXyyxx
444,313,0,3,10,10,9,1.0,92,19,XXXYYxxy,XXXXXYxxxxy,8,19,True,10,9,2,-17,YYYYYXyyyyx,YYYXXyyx
445,314,0,3,10,10,9,1.0,89,19,XXXXYXyy,XXXXXyxxxxY,8,19,True,10,9,2,-17,YYYYYXyyyyx,YYYYxxYX
452,315,0,3,10,10,9,1.0,92,19,XXXYYxxy,XXXXXYxxxxy,8,19,True,10,9,2,-17,YYYYYXyyyyx,YYYXyyxx
455,316,0,3,10,10,9,1.0,89,19,XXXXYXyy,XXXXXyxxxxY,8,19,True,10,9,2,-17,YYYYYXyyyyx,YYYYxYXX
77,317,1,10,34,11,8,1.0414,25,13,XXYYxy,XXYXyxY,24,13,True,11,8,2,-11,YYXyx,YXyXXyxx
107,318,1,10,34,11,8,1.0414,8,11,XXYxy,XXyxYY,8,13,True,11,8,2,-11,YYXyx,YYxYYxyX
145,319,1,10,34,11,8,1.0414,25,13,XXYYxy,XXYXyxY,24,13,True,11,8,2,-11,YYXyx,YXXYxxyX
207,320,1,10,34,11,8,1.0414,23,13,XXYYxy,XXXYxxy,8,14,True,11,8,2,-12,YYYXyyx,YYXyXyx
220,321,1,10,34,11,8,1.0414,10,12,XXYxY,XYYYxyy,8,14,True,11,8,2,-12,YYYXyyx,YYxyXyx
49,322,1,10,34,11,9,1.0414,14,12,XXYxy,XXXyxYY,8,12,True,11,9,2,-10,YYYxxyX,YYXyx
63,323,1,10,34,11,9,1.0414,14,12,XXYxy,XXXyxYY,8,12,True,11,9,2,-10,YYYxyXX,YYXyx
70,324,1,10,34,11,9,1.0414,7,11,XXYxy,XXyXYY,8,12,True,11,9,2,-10,YYXyx,YYxYXYX
443,325,1,10,34,11,9,1.0414,86,18,XXYYxxy,XXXXXYxxxxy,8,19,True,11,9,2,-17,YYYYYXyyyyx,YYXYXyyx
146,326,1,10,34,11,10,1.0414,41,13,XXYxy,XYXYYXyy,16,13,True,11,10,2,-11,YYXyx,YXYXXYxx
270,327,1,10,34,11,10,1.0414,57,15,XXXYxxy,XXXXyXYY,8,15,True,11,10,2,-13,YYYYxxYX,YYYXyyx
294,328,1,10,34,11,10,1.0414,57,15,XXXYxxy,XXXXyXYY,8,15,True,11,10,2,-13,YYYYxYXX,YYYXyyx
78,329,1,10,34,12,10,1.0792,45,13,XXYxy,XYXyyxYY,16,13,True,12,10,2,-11,YYXyx,YXXyXyxx
83,330,1,10,34,12,10,1.0792,46,13,XXYxy,XYXyyyxY,16,13,True,12,10,2,-11,YYXyx,YXYxxxyX
141,331,1,10,34,12,10,1.0792,46,13,XXYxy,XYXyyyxY,16,13,True,12,10,2,-11,YYXyx,YXyXyxxx
149,332,1,10,34,12,10,1.0792,45,13,XXYxy,XYXyyxYY,16,13,True,12,10,2,-11,YYXyx,YXYxxyXX
483,333,1,10,34,12,10,1.0792,102,21,XXXYYxxy,XXXXXXYxxxxxy,8,21,True,12,10,2,-19,YYYYYYXyyyyyx,YYYXXyyx
43,334,1,10,34,13,9,1.1139,7,11,XXYxy,XXyXYY,8,12,True,13,9,2,-10,YYXyx,YYxYxYX
73,335,1,10,34,13,10,1.1139,41,13,XXYxy,XYXYYXyy,16,13,True,13,10,2,-11,YYXyx,YXXYxxYx
114,336,1,10,34,13,10,1.1139,13,12,XXYxy,XXXyXYY,8,13,True,13,10,2,-11,YYYxyxYX,YYXyx
136,337,1,10,34,13,10,1.1139,13,12,XXYxy,XXXyXYY,8,13,True,13,10,2,-11,YYYxYXyX,YYXyx
450,338,1,10,34,13,11,1.1139,86,18,XXYYxxy,XXXXXYxxxxy,8,19,True,13,11,2,-17,YYYYYXyyyyx,YYXyyxYx
441,339,1,10,34,13,12,1.1139,82,17,XXYYxy,XXXXXyxxxxY,8,19,True,13,12,2,-17,YYYYYXyyyyx,YYXyyxYX
448,340,1,10,34,13,12,1.1139,82,17,XXYYxy,XXXXXyxxxxY,8,19,True,13,12,2,-17,YYYYYXyyyyx,YYxYXyyx
479,341,1,10,34,13,12,1.1139,95,20,XXXYYxy,XXXXXXYxxxxxy,8,21,True,13,12,2,-19,YYYYYYXyyyyyx,YYYXyXyx
490,342,1,10,34,13,12,1.1139,95,20,XXXYYxy,XXXXXXYxxxxxy,8,21,True,13,12,2,-19,YYYYYYXyyyyyx,YYYXyxyx
488,343,1,10,34,14,12,1.1461,102,21,XXXYYxxy,XXXXXXYxxxxxy,8,21,True,14,12,2,-19,YYYYYYXyyyyyx,YYYXyyxx
102,344,1,10,34,15,10,1.1761,32,13,XXYxy,XXXYXXyy,8,13,True,15,10,2,-11,YYYXYYxx,YYXyx
115,345,1,10,34,16,10,1.2041,14,12,XXYxy,XXXyxYY,8,13,True,16,10,2,-11,YYYxYxyX,YYXyx
152,346,1,10,34,16,10,1.2041,32,13,XXYxy,XXXYXXyy,8,13,True,16,10,2,-11,YYYXXYYx,YYXyx
165,347,1,10,34,16,10,1.2041,14,12,XXYxy,XXXyxYY,8,13,True,16,10,2,-11,YYYxyXYX,YYXyx
428,348,1,10,34,16,12,1.2041,82,17,XXYYxy,XXXXXyxxxxY,8,18,True,16,12,2,-16,YYYYYXyyyyx,YYxyxyX
432,349,1,10,34,16,12,1.2041,82,17,XXYYxy,XXXXXyxxxxY,8,18,True,16,12,2,-16,YYYYYXyyyyx,YYxyXyX
48,350,1,10,34,18,11,1.2553,13,12,XXYxy,XXXyXYY,8,12,True,18,11,2,-10,YYYxxYX,YYXyx
64,351,1,10,34,18,11,1.2553,13,12,XXYxy,XXXyXYY,8,12,True,18,11,2,-10,YYYxYXX,YYXyx
74,352,1,10,34,18,12,1.2553,44,13,XXYxy,XYXyyXYY,16,13,True,18,12,2,-11,YYXyx,YXXYxYxx
82,353,1,10,34,18,12,1.2553,40,13,XXYxy,XYXYXyyy,16,13,True,18,12,2,-11,YYXyx,YXYXYxxx
105,354,1,10,34,18,12,1.2553,7,11,XXYxy,XXyXYY,8,13,True,18,12,2,-11,YYXyx,YYxYXYYx
119,355,1,10,34,18,12,1.2553,31,13,XXYxy,XXXXyxYY,8,13,True,18,12,2,-11,YYYYxxyX,YYXyx
142,356,1,10,34,18,12,1.2553,40,13,XXYxy,XYXYXyyy,16,13,True,18,12,2,-11,YYXyx,YXXXYxYx
150,357,1,10,34,18,12,1.2553,44,13,XXYxy,XYXyyXYY,16,13,True,18,12,2,-11,YYXyx,YXYxxYXX
155,358,1,10,34,18,12,1.2553,31,13,XXYxy,XXXXyxYY,8,13,True,18,12,2,-11,YYYYxyXX,YYXyx
168,359,1,10,34,18,12,1.2553,7,11,XXYxy,XXyXYY,8,13,True,18,12,2,-11,YYXYYxYX,YYXyx
206,360,1,10,34,21,8,1.3222,18,12,XXYxy,XYYYxyy,8,14,True,21,8,2,-12,YYYXyyx,YYXyxYX
101,361,1,10,34,21,14,1.3222,39,13,XXYxy,XXyyxYYY,8,13,True,21,14,2,-11,YYXyx,YYxxxyXX
143,362,1,10,34,21,14,1.3222,39,13,XXYxy,XXyyxYYY,8,13,True,21,14,2,-11,YYXyx,YYxxyXXX
332,363,1,10,34,22,9,1.3424,65,15,XXYXyy,XXXXYxxxy,8,16,True,22,9,2,-14,YYYYXyyyx,YYXYxyx
346,364,1,10,34,22,9,1.3424,65,15,XXYXyy,XXXXYxxxy,8,16,True,22,9,2,-14,YYYYXyyyx,YYXyXYx
364,365,1,10,34,22,9,1.3424,67,15,XXYYxy,XXXXYxxxy,8,17,True,22,9,2,-15,YYYYXyyyx,YYXyyXyx
397,366,1,10,34,22,9,1.3424,67,15,XXYYxy,XXXXYxxxy,8,17,True,22,9,2,-15,YYYYXyyyx,YYXYxyyX
442,367,1,10,34,22,10,1.3424,86,18,XXYYxxy,XXXXXYxxxxy,8,19,True,22,10,2,-17,YYYYYXyyyyx,YYXyXyyx
456,368,1,10,34,22,10,1.3424,86,18,XXYYxxy,XXXXXYxxxxy,8,19,True,22,10,2,-17,YYYYYXyyyyx,YYXyyxyx
314,369,1,10,34,22,15,1.3424,54,14,XXYxy,XYYYYxyyy,8,14,True,22,15,2,-12,YYYYXyyyx,YXXyx
316,370,1,10,34,22,17,1.3424,54,14,XXYxy,XYYYYxyyy,8,14,True,22,17,2,-12,YYYYXyyyx,YXyxx
185,371,1,10,34,23,8,1.3617,18,12,XXYxy,XYYYxyy,8,13,True,23,8,2,-11,YYYXyyx,YXyXyx
197,372,1,10,34,23,8,1.3617,18,12,XXYxy,XYYYxyy,8,13,True,23,8,2,-11,YYYXyyx,YXYxyX
393,373,1,10,34,23,15,1.3617,79,17,XXXYYxxy,XXXXYxxxy,8,17,True,23,15,2,-15,YYYYXyyyx,YYYXyyxx
373,374,1,10,34,23,17,1.3617,79,17,XXXYYxxy,XXXXYxxxy,8,17,True,23,17,2,-15,YYYYXyyyx,YYYXXyyx
208,375,1,10,34,24,8,1.3802,23,13,XXYYxy,XXXYxxy,8,14,True,24,8,2,-12,YYYXyyx,YYXYXyx
221,376,1,10,34,24,8,1.3802,23,13,XXYYxy,XXXYxxy,8,14,True,24,8,2,-12,YYYXyyx,YYXyxYx
113,377,1,10,34,24,14,1.3802,13,12,XXYxy,XXXyXYY,8,13,True,24,14,2,-11,YYYxYxYX,YYXyx
166,378,1,10,34,24,14,1.3802,13,12,XXYxy,XXXyXYY,8,13,True,24,14,2,-11,YYYxYXYX,YYXyx
202,379,1,10,34,25,9,1.3979,19,13,XXYXyy,XXXYxxy,8,14,True,25,9,2,-12,YYYXyyx,YYXYxyx
222,380,1,10,34,25,9,1.3979,19,13,XXYXyy,XXXYxxy,8,14,True,25,9,2,-12,YYYXyyx,YYXyXYx
336,381,1,10,34,25,9,1.3979,67,15,XXYYxy,XXXXYxxxy,8,16,True,25,9,2,-14,YYYYXyyyx,YYXYXyx
400,382,1,10,34,25,9,1.3979,73,16,XXYYxxy,XXXXYxxxy,8,17,True,25,9,2,-15,YYYYXyyyx,YYXyyxyx
345,383,1,10,34,26,9,1.415,67,15,XXYYxy,XXXXYxxxy,8,16,True,26,9,2,-14,YYYYXyyyx,YYXyxYx
371,384,1,10,34,26,9,1.415,73,16,XXYYxxy,XXXXYxxxy,8,17,True,26,9,2,-15,YYYYXyyyx,YYXyXyyx
268,385,1,10,34,26,10,1.415,51,14,XXXYYxy,XXXyxxY,8,15,True,26,10,2,-13,YYYXyyx,YYYxyxyX
275,386,1,10,34,26,10,1.415,23,13,XXYYxy,XXXYxxy,8,15,True,26,10,2,-13,YYYXyyx,YYXyxYYx
472,387,1,10,34,26,17,1.415,96,20,XXYYxxy,XXXXXXYxxxxxy,8,20,True,26,17,2,-18,YYYYYYXyyyyyx,YYXXyyx
476,388,1,10,34,26,18,1.415,96,20,XXYYxxy,XXXXXXYxxxxxy,8,20,True,26,18,2,-18,YYYYYYXyyyyyx,YYXyyxx
365,389,1,10,34,28,13,1.4472,67,15,XXYYxy,XXXXYxxxy,8,17,True,28,13,2,-15,YYYYXyyyx,YYXYYXyx
383,390,1,10,34,29,13,1.4624,67,15,XXYYxy,XXXXYxxxy,8,17,True,29,13,2,-15,YYYYXyyyx,YYXyxYYx
192,391,1,10,34,31,8,1.4914,10,12,XXYxY,XYYYxyy,8,13,True,31,8,2,-11,YYYXyyx,YXyXYx
248,392,1,10,34,31,10,1.4914,23,13,XXYYxy,XXXYxxy,8,15,True,31,10,2,-13,YYYXyyx,YYXYYXyx
283,393,1,10,34,31,10,1.4914,51,14,XXXYYxy,XXXyxxY,8,15,True,31,10,2,-13,YYYXyyx,YYYxyXyX
326,394,1,10,34,31,10,1.4914,65,15,XXYXyy,XXXXYxxxy,8,15,True,31,10,2,-13,YYYYXyyyx,YYXXYx
118,395,1,10,34,32,16,1.5051,30,13,XXYxy,XXXXyXYY,8,13,True,32,16,2,-11,YYYYxxYX,YYXyx
156,396,1,10,34,32,16,1.5051,30,13,XXYxy,XXXXyXYY,8,13,True,32,16,2,-11,YYYYxYXX,YYXyx
184,397,1,10,34,33,8,1.5185,10,12,XXYxY,XYYYxyy,8,13,True,33,8,2,-11,YYYXyyx,YXYxyx
251,398,1,10,34,33,9,1.5185,56,15,XXXYxxy,XXXXYYxy,8,15,True,33,9,2,-13,YYYYXXyx,YYYXyyx
296,399,1,10,34,33,9,1.5185,23,13,XXYYxy,XXXYxxy,8,15,True,33,9,2,-13,YYYXyyx,YYXYxyyX
205,400,1,10,34,33,11,1.5185,18,12,XXYxy,XYYYxyy,8,14,True,33,11,2,-12,YYYXyyx,YYxyXYx
503,401,1,10,34,33,21,1.5185,105,22,XXYYxxy,XXXXXXXYxxxxxxy,8,22,True,33,21,2,-20,YYYYYYYXyyyyyyx,YYXXyyx
219,402,1,10,34,34,8,1.5315,18,12,XXYxy,XYYYxyy,8,14,True,34,8,2,-12,YYYXyyx,YYxYXyx
100,403,1,10,34,34,18,1.5315,38,13,XXYxy,XXyyXYYY,8,13,True,34,18,2,-11,YYXyx,YYxxxYXX
144,404,1,10,34,34,18,1.5315,38,13,XXYxy,XXyyXYYY,8,13,True,34,18,2,-11,YYXyx,YYxxYXXX
505,405,1,10,34,34,23,1.5315,105,22,XXYYxxy,XXXXXXXYxxxxxxy,8,22,True,34,23,2,-20,YYYYYYYXyyyyyyx,YYXyyxx
368,406,2,34,115,39,15,1.5911,72,16,XXYXXyy,XXXXYxxxy,8,17,True,39,15,2,-15,YYYYXyyyx,YYXYYxyx
232,407,2,34,115,42,11,1.6232,18,12,XXYxy,XYYYxyy,8,14,True,42,11,2,-12,YYYXyyx,YYXYxyX
182,408,2,34,115,44,12,1.6435,19,13,XXYXyy,XXXYxxy,8,13,True,44,12,2,-11,YYYXyyx,YYXYxx
247,409,2,34,115,46,9,1.6628,23,13,XXYYxy,XXXYxxy,8,15,True,46,9,2,-13,YYYXyyx,YYXyyXyx
287,410,2,34,115,46,9,1.6628,56,15,XXXYxxy,XXXXYYxy,8,15,True,46,9,2,-13,YYYYXyxx,YYYXyyx
388,411,2,34,115,47,15,1.6721,72,16,XXYXXyy,XXXXYxxxy,8,17,True,47,15,2,-15,YYYYXyyyx,YYXyXYYx
514,412,2,34,115,48,17,1.6812,109,23,XXXYYxxy,XXXXXXXyxxxxxxY,8,23,True,48,17,2,-21,YYYYYYYXyyyyyyx,YYYxyyXX
510,413,2,34,115,50,17,1.699,109,23,XXXYYxxy,XXXXXXXyxxxxxxY,8,23,True,50,17,2,-21,YYYYYYYXyyyyyyx,YYYxxyyX
318,414,2,34,115,51,10,1.7076,65,15,XXYXyy,XXXXYxxxy,8,15,True,51,10,2,-13,YYYYXyyyx,YYXYxx
194,415,2,34,115,53,12,1.7243,19,13,XXYXyy,XXXYxxy,8,13,True,53,12,2,-11,YYYXyyx,YYXXYx
180,416,2,34,115,55,10,1.7404,10,12,XXYxY,XYYYxyy,8,12,True,55,10,2,-10,YYYXyyx,YXXYx
246,417,2,34,115,56,11,1.7482,18,12,XXYxy,XYYYxyy,8,15,True,56,11,2,-13,YYYXyxYX,YYYXyyx
291,418,2,34,115,56,11,1.7482,62,15,XXXYxxy,XXXyxxYY,8,15,True,56,11,2,-13,YYYXyyx,YYYxyyXX
217,419,2,34,115,57,13,1.7559,51,14,XXXYYxy,XXXyxxY,8,14,True,57,13,2,-12,YYYXyyx,YYYxxyX
471,420,2,34,115,57,15,1.7559,95,20,XXXYYxy,XXXXXXYxxxxxy,8,20,True,57,15,2,-18,YYYYYYXyyyyyx,YYYXXyx
474,421,2,34,115,57,15,1.7559,95,20,XXXYYxy,XXXXXXYxxxxxy,8,20,True,57,15,2,-18,YYYYYYXyyyyyx,YYYXyxx
253,422,2,34,115,58,14,1.7634,64,15,XXXYxxy,XXyyxYYY,8,15,True,58,14,2,-13,YYYXyyx,YYxxxyXX
245,423,2,34,115,61,14,1.7853,18,12,XXYxy,XYYYxyy,8,15,True,61,14,2,-13,YYYXyyx,YYYxyXYx
201,424,2,34,115,61,15,1.7853,19,13,XXYXyy,XXXYxxy,8,14,True,61,15,2,-12,YYYXyyx,YYXYxYx
267,425,2,34,115,61,16,1.7853,51,14,XXXYYxy,XXXyxxY,8,15,True,61,16,2,-13,YYYXyyx,YYYxYxyX
421,426,2,34,115,62,15,1.7924,82,17,XXYYxy,XXXXXyxxxxY,8,17,True,62,15,2,-15,YYYYYXyyyyx,YYxyXX
418,427,2,34,115,64,15,1.8062,82,17,XXYYxy,XXXXXyxxxxY,8,17,True,64,15,2,-15,YYYYYXyyyyx,YYxxyX
241,428,2,34,115,65,18,1.8129,19,13,XXYXyy,XXXYxxy,8,15,True,65,18,2,-13,YYYXyyx,YYXYxYYx
229,429,2,34,115,66,13,1.8195,51,14,XXXYYxy,XXXyxxY,8,14,True,66,13,2,-12,YYYXyyx,YYYxyXX
285,430,2,34,115,67,14,1.8261,64,15,XXXYxxy,XXyyxYYY,8,15,True,67,14,2,-13,YYYXyyx,YYxxyXXX
337,431,2,34,115,67,18,1.8261,72,16,XXYXXyy,XXXXYxxxy,8,16,True,67,18,2,-14,YYYYXyyyx,YYXYYxx
176,432,2,34,115,68,10,1.8325,10,12,XXYxY,XYYYxyy,8,12,True,68,10,2,-10,YYYXyyx,YXYxx
269,433,2,34,115,69,11,1.8388,62,15,XXXYxxy,XXXyxxYY,8,15,True,69,11,2,-13,YYYXyyx,YYYxxyyX
273,434,2,34,115,69,11,1.8388,18,12,XXYxy,XYYYxyy,8,15,True,69,11,2,-13,YYYXyyx,YYYxYXyx
264,435,2,34,115,69,20,1.8388,61,15,XXXYxxy,XXXyXXYY,8,15,True,69,20,2,-13,YYYXyyx,YYYxxYYX
297,436,2,34,115,70,14,1.8451,18,12,XXYxy,XYYYxyy,8,15,True,70,14,2,-13,YYYXYxyX,YYYXyyx
234,437,2,34,115,70,15,1.8451,19,13,XXYXyy,XXXYxxy,8,14,True,70,15,2,-12,YYYXyyx,YYXYXYx
303,438,2,34,115,70,16,1.8451,51,14,XXXYYxy,XXXyxxY,8,15,True,70,16,2,-13,YYYXyyx,YYYxyXYX
320,439,2,34,115,72,17,1.8573,54,14,XXYxy,XYYYYxyyy,8,15,True,72,17,2,-13,YYYYXyyyx,YXYXyx
299,440,2,34,115,72,18,1.8573,19,13,XXYXyy,XXXYxxy,8,15,True,72,18,2,-13,YYYXyyx,YYXYYXYx
350,441,2,34,115,75,18,1.8751,72,16,XXYXXyy,XXXXYxxxy,8,16,True,75,18,2,-14,YYYYXyyyx,YYXXYYx
440,442,2,34,115,77,17,1.8865,81,17,XXYXyy,XXXXXyxxxxY,8,19,True,77,17,2,-17,YYYYYXyyyyx,YYXyyxyX
449,443,2,34,115,77,17,1.8865,81,17,XXYXyy,XXXXXyxxxxY,8,19,True,77,17,2,-17,YYYYYXyyyyx,YYxYXyyX
292,444,2,34,115,78,20,1.8921,61,15,XXXYxxy,XXXyXXYY,8,15,True,78,20,2,-13,YYYXyyx,YYYxYYXX
198,445,2,34,115,79,13,1.8976,10,12,XXYxY,XYYYxyy,8,13,True,79,13,2,-11,YYYXyyx,YXYXYx
367,446,2,34,115,83,21,1.9191,72,16,XXYXXyy,XXXXYxxxy,8,17,True,83,21,2,-15,YYYYXyyyx,YYXYYxYx
355,447,2,34,115,90,24,1.9542,65,15,XXYXyy,XXXXYxxxy,8,16,True,90,24,2,-14,YYYYXyyyx,YYXYXYx
401,448,2,34,115,92,21,1.9638,72,16,XXYXXyy,XXXXYxxxy,8,17,True,92,21,2,-15,YYYYXyyyx,YYXYXYYx
331,449,2,34,115,93,24,1.9685,65,15,XXYXyy,XXXXYxxxy,8,16,True,93,24,2,-14,YYYYXyyyx,YYXYxYx
334,450,2,34,115,94,24,1.9731,54,14,XXYxy,XYYYYxyyy,8,16,True,94,24,2,-14,YYYYXyyyx,YYXyxYX
385,451,2,34,115,95,24,1.9777,66,15,XXYXyy,XXXXyxxxY,8,17,True,95,24,2,-15,YYYYXyyyx,YYxYXyyX
344,452,2,34,115,98,24,1.9912,54,14,XXYxy,XYYYYxyyy,8,16,True,98,24,2,-14,YYYYXyyyx,YYxYXyx
284,453,2,34,115,99,15,1.9956,49,14,XXXYXyy,XXXyxxY,8,15,True,99,15,2,-13,YYYXyyx,YYYxYXyX
324,454,2,34,115,100,19,2.0,54,14,XXYxy,XYYYYxyyy,8,15,True,100,19,2,-13,YYYYXyyyx,YXyxYx
233,455,2,34,115,102,16,2.0086,10,12,XXYxY,XYYYxyy,8,14,True,102,16,2,-12,YYYXyyx,YYXYxYX
482,456,2,34,115,103,22,2.0128,96,20,XXYYxxy,XXXXXXYxxxxxy,8,21,True,103,22,2,-19,YYYYYYXyyyyyx,YYXYXyyx
487,457,2,34,115,104,22,2.017,96,20,XXYYxxy,XXXXXXYxxxxxy,8,21,True,104,22,2,-19,YYYYYYXyyyyyx,YYXyyxYx
319,458,2,34,115,105,22,2.0212,54,14,XXYxy,XYYYYxyyy,8,15,True,105,22,2,-13,YYYYXyyyx,YXyXyx
288,459,2,34,115,106,17,2.0253,55,15,XXXYxxy,XXXXYXyy,8,15,True,106,17,2,-13,YYYYXXYx,YYYXyyx
328,460,2,34,115,106,22,2.0253,54,14,XXYxy,XYYYYxyyy,8,15,True,106,22,2,-13,YYYYXyyyx,YXYxyX
183,461,2,34,115,108,13,2.0334,10,12,XXYxY,XYYYxyy,8,13,True,108,13,2,-11,YYYXyyx,YXYxYx
230,462,2,34,115,109,18,2.0374,49,14,XXXYXyy,XXXyxxY,8,14,True,109,18,2,-12,YYYXyyx,YYYxYXX
286,463,2,34,115,109,19,2.0374,63,15,XXXYxxy,XXyyXYYY,8,15,True,109,19,2,-13,YYYXyyx,YYxxYXXX
298,464,2,34,115,109,19,2.0374,10,12,XXYxY,XYYYxyy,8,15,True,109,19,2,-13,YYYXYxYX,YYYXyyx
304,465,2,34,115,109,21,2.0374,49,14,XXXYXyy,XXXyxxY,8,15,True,109,21,2,-13,YYYXyyx,YYYxYXYX
412,466,2,34,115,109,41,2.0374,74,16,XXYxy,XYYYYYxyyyy,8,16,True,109,41,2,-14,YYYYYXyyyyx,YXXyx
266,467,2,34,115,111,15,2.0453,49,14,XXXYXyy,XXXyxxY,8,15,True,111,15,2,-13,YYYXyyx,YYYxyxYX
439,468,2,34,115,111,19,2.0453,85,18,XXYXXyy,XXXXXYxxxxy,8,19,True,111,19,2,-17,YYYYYXyyyyx,YYXYYxyx
203,469,3,115,389,116,16,2.0645,10,12,XXYxY,XYYYxyy,8,14,True,116,16,2,-12,YYYXyyx,YYxYXYx
508,470,3,115,389,116,29,2.0645,105,22,XXYYxxy,XXXXXXXYxxxxxxy,8,23,True,116,29,2,-21,YYYYYYYXyyyyyyx,YYXYXyyx
512,471,3,115,389,117,29,2.0682,105,22,XXYYxxy,XXXXXXXYxxxxxxy,8,23,True,117,29,2,-21,YYYYYYYXyyyyyyx,YYXyyxYx
238,472,3,115,389,118,17,2.0719,55,15,XXXYxxy,XXXXYXyy,8,15,True,118,17,2,-13,YYYYXYxx,YYYXyyx
451,473,3,115,389,118,19,2.0719,85,18,XXYXXyy,XXXXXYxxxxy,8,19,True,118,19,2,-17,YYYYYXyyyyx,YYXyXYYx
216,474,3,115,389,121,18,2.0828,49,14,XXXYXyy,XXXyxxY,8,14,True,121,18,2,-12,YYYXyyx,YYYxxYX
243,475,3,115,389,121,19,2.0828,10,12,XXYxY,XYYYxyy,8,15,True,121,19,2,-13,YYYXyyx,YYYxYXYx
252,476,3,115,389,121,19,2.0828,63,15,XXXYxxy,XXyyXYYY,8,15,True,121,19,2,-13,YYYXyyx,YYxxxYXX
265,477,3,115,389,121,21,2.0828,49,14,XXXYXyy,XXXyxxY,8,15,True,121,21,2,-13,YYYXyyx,YYYxYxYX
414,478,3,115,389,122,43,2.0864,74,16,XXYxy,XYYYYYxyyyy,8,16,True,122,43,2,-14,YYYYYXyyyyx,YXyxx
370,479,3,115,389,124,23,2.0934,66,15,XXYXyy,XXXXyxxxY,8,17,True,124,23,2,-15,YYYYXyyyx,YYXyyxyX
481,480,3,115,389,125,28,2.0969,96,20,XXYYxxy,XXXXXXYxxxxxy,8,21,True,125,28,2,-19,YYYYYYXyyyyyx,YYXyXyyx
491,481,3,115,389,126,28,2.1004,96,20,XXYYxxy,XXXXXXYxxxxxy,8,21,True,126,28,2,-19,YYYYYYXyyyyyx,YYXyyxyx
513,482,3,115,389,132,32,2.1206,104,22,XXXYYxy,XXXXXXXyxxxxxxY,8,23,True,132,32,2,-21,YYYYYYYXyyyyyyx,YYYxyXyX
509,483,3,115,389,135,32,2.1303,104,22,XXXYYxy,XXXXXXXyxxxxxxY,8,23,True,135,32,2,-21,YYYYYYYXyyyyyyx,YYYxyxyX
515,484,3,115,389,140,36,2.1461,105,22,XXYYxxy,XXXXXXXYxxxxxxy,8,23,True,140,36,2,-21,YYYYYYYXyyyyyyx,YYXyyxyx
507,485,3,115,389,141,36,2.1492,105,22,XXYYxxy,XXXXXXXYxxxxxxy,8,23,True,141,36,2,-21,YYYYYYYXyyyyyyx,YYXyXyyx
478,486,3,115,389,156,20,2.1931,94,20,XXXYXyy,XXXXXXYxxxxxy,8,21,True,156,20,2,-19,YYYYYYXyyyyyx,YYYXYxyx
485,487,3,115,389,156,20,2.1931,95,20,XXXYYxy,XXXXXXYxxxxxy,8,21,True,156,20,2,-19,YYYYYYXyyyyyx,YYYXyxYx
486,488,3,115,389,156,20,2.1931,94,20,XXXYXyy,XXXXXXYxxxxxy,8,21,True,156,20,2,-19,YYYYYYXyyyyyx,YYYXyXYx
480,489,3,115,389,167,20,2.2227,95,20,XXXYYxy,XXXXXXYxxxxxy,8,21,True,167,20,2,-19,YYYYYYXyyyyyx,YYYXYXyx
347,490,3,115,389,171,26,2.233,66,15,XXYXyy,XXXXyxxxY,8,16,True,171,26,2,-14,YYYYXyyyx,YYxYXyX
339,491,3,115,389,175,26,2.243,66,15,XXYXyy,XXXXyxxxY,8,16,True,175,26,2,-14,YYYYXyyyx,YYxyxYX
382,492,3,115,389,177,27,2.248,54,14,XXYxy,XYYYYxyyy,8,17,True,177,27,2,-15,YYYYXyyyx,YYYxYXyx
363,493,3,115,389,178,27,2.2504,54,14,XXYxy,XYYYYxyyy,8,17,True,178,27,2,-15,YYYYXyyyx,YYYXyxYX
426,494,3,115,389,183,20,2.2625,81,17,XXYXyy,XXXXXyxxxxY,8,18,True,183,20,2,-16,YYYYYXyyyyx,YYxyxYX
489,495,3,115,389,186,26,2.2695,100,21,XXXYXXyy,XXXXXXYxxxxxy,8,21,True,186,26,2,-19,YYYYYYXyyyyyx,YYYXXYYx
433,496,3,115,389,188,20,2.2742,81,17,XXYXyy,XXXXXyxxxxY,8,18,True,188,20,2,-16,YYYYYXyyyyx,YYxYXyX
438,497,3,115,389,188,27,2.2742,91,19,XXXYXXyy,XXXXXYxxxxy,8,19,True,188,27,2,-17,YYYYYXyyyyx,YYYXYYxx
453,498,3,115,389,204,23,2.3096,91,19,XXXYXXyy,XXXXXYxxxxy,8,19,True,204,23,2,-17,YYYYYXyyyyx,YYYXXYYx
427,499,3,115,389,205,22,2.3118,82,17,XXYYxy,XXXXXyxxxxY,8,18,True,205,22,2,-16,YYYYYXyyyyx,YYxYxyX
470,500,3,115,389,208,23,2.3181,94,20,XXXYXyy,XXXXXXYxxxxxy,8,20,True,208,23,2,-18,YYYYYYXyyyyyx,YYYXYxx
436,501,3,115,389,213,22,2.3284,82,17,XXYYxy,XXXXXyxxxxY,8,18,True,213,22,2,-16,YYYYYXyyyyx,YYxyXYX
475,502,3,115,389,215,23,2.3324,94,20,XXXYXyy,XXXXXXYxxxxxy,8,20,True,215,23,2,-18,YYYYYYXyyyyyx,YYYXXYx
354,503,3,115,389,224,29,2.3502,54,14,XXYxy,XYYYYxyyy,8,16,True,224,29,2,-14,YYYYXyyyx,YYXYxyX
399,504,3,115,389,224,29,2.3502,65,15,XXYXyy,XXXXYxxxy,8,17,True,224,29,2,-15,YYYYXyyyx,YYXYYXYx
424,505,3,115,389,228,54,2.3579,74,16,XXYxy,XYYYYYxyyyy,8,18,True,228,54,2,-16,YYYYYXyyyyx,YYXyxYX
431,506,3,115,389,230,54,2.3617,74,16,XXYxy,XYYYYYxyyyy,8,18,True,230,54,2,-16,YYYYYXyyyyx,YYxYXyx
386,507,3,115,389,231,29,2.3636,69,16,XXXYXyy,XXXXYxxxy,8,17,True,231,29,2,-15,YYYYXyyyx,YYYXyXYx
327,508,3,115,389,273,29,2.4362,66,15,XXYXyy,XXXXyxxxY,8,15,True,273,29,2,-13,YYYYXyyyx,YYxYXX
322,509,3,115,389,274,29,2.4378,66,15,XXYXyy,XXXXyxxxY,8,15,True,274,29,2,-13,YYYYXyyyx,YYxxYX
360,510,3,115,389,278,32,2.444,65,15,XXYXyy,XXXXYxxxy,8,17,True,278,32,2,-15,YYYYXyyyx,YYXYxYYx
398,511,3,115,389,293,31,2.4669,54,14,XXYxy,XYYYYxyyy,8,17,True,293,31,2,-15,YYYYXyyyx,YYYXYxyX
420,512,3,115,389,295,47,2.4698,74,16,XXYxy,XYYYYYxyyyy,8,17,True,295,47,2,-15,YYYYYXyyyyx,YXyxYx
396,513,3,115,389,296,33,2.4713,77,17,XXXXYYxy,XXXXyxxxY,8,17,True,296,33,2,-15,YYYYXyyyx,YYYYxyXX
348,514,3,115,389,297,32,2.4728,69,16,XXXYXyy,XXXXYxxxy,8,16,True,297,32,2,-14,YYYYXyyyx,YYYXXYx
417,515,3,115,389,299,47,2.4757,74,16,XXYxy,XYYYYYxyyyy,8,17,True,299,47,2,-15,YYYYYXyyyyx,YXYXyx
333,516,3,115,389,313,35,2.4955,54,14,XXYxy,XYYYYxyyy,8,16,True,313,35,2,-14,YYYYXyyyx,YYxyXYx
425,517,3,115,389,315,21,2.4983,85,18,XXYXXyy,XXXXXYxxxxy,8,18,True,315,21,2,-16,YYYYYXyyyyx,YYXYYxx
359,518,3,115,389,320,35,2.5051,69,16,XXXYXyy,XXXXYxxxy,8,17,True,320,35,2,-15,YYYYXyyyx,YYYXYxyx
435,519,3,115,389,322,21,2.5079,85,18,XXYXXyy,XXXXXYxxxxy,8,18,True,322,21,2,-16,YYYYYXyyyyx,YYXXYYx
356,520,3,115,389,323,32,2.5092,66,15,XXYXyy,XXXXyxxxY,8,16,True,323,32,2,-14,YYYYXyyyx,YYxYXYX
338,521,3,115,389,324,32,2.5105,66,15,XXYXyy,XXXXyxxxY,8,16,True,324,32,2,-14,YYYYXyyyx,YYxYxYX
404,522,3,115,389,334,35,2.5237,66,15,XXYXyy,XXXXyxxxY,8,17,True,334,35,2,-15,YYYYXyyyx,YYXYYxYX
534,523,3,115,389,350,37,2.5441,69,16,XXXYXyy,XXXXYxxxy,8,17,True,350,37,2,-15,YYYYXyyyx,YYYXYXYx
369,524,3,115,389,361,35,2.5575,66,15,XXYXyy,XXXXyxxxY,8,17,True,361,35,2,-15,YYYYXyyyx,YYxYXYYx
579,525,3,115,389,366,26,2.5635,100,21,XXXYXXyy,XXXXXXYxxxxxy,8,21,True,366,26,2,-19,YYYYYYXyyyyyx,YYYXYYxx
362,526,3,115,389,380,37,2.5798,54,14,XXYxy,XYYYYxyyy,8,17,True,380,37,2,-15,YYYYXyyyx,YYYxyXYx
330,527,3,115,389,381,38,2.5809,69,16,XXXYXyy,XXXXYxxxy,8,16,True,381,38,2,-14,YYYYXyyyx,YYYXYxx
380,528,3,115,389,381,39,2.5809,77,17,XXXXYYxy,XXXXyxxxY,8,17,True,381,39,2,-15,YYYYXyyyx,YYYYxxyX
546,529,4,389,1313,398,24,2.5999,85,18,XXYXXyy,XXXXXYxxxxy,8,19,True,398,24,2,-17,YYYYYXyyyyx,YYXYYxYx
555,530,4,389,1313,406,24,2.6085,85,18,XXYXXyy,XXXXXYxxxxy,8,19,True,406,24,2,-17,YYYYYXyyyyx,YYXYXYYx
529,531,4,389,1313,414,51,2.617,110,24,XXYYxxy,XXXXXXXXYxxxxxxxy,8,24,True,414,51,2,-22,YYYYYYYYXyyyyyyyx,YYXyyxx
527,532,4,389,1313,430,49,2.6335,110,24,XXYYxxy,XXXXXXXXYxxxxxxxy,8,24,True,430,49,2,-22,YYYYYYYYXyyyyyyyx,YYXXyyx
533,533,4,389,1313,438,43,2.6415,69,16,XXXYXyy,XXXXYxxxy,8,17,True,438,43,2,-15,YYYYXyyyx,YYYXYxYx
541,534,4,389,1313,474,67,2.6758,74,16,XXYxy,XYYYYYxyyyy,8,18,True,474,67,2,-16,YYYYYXyyyyx,YYXYxyX
601,535,4,389,1313,476,40,2.6776,104,22,XXXYYxy,XXXXXXXyxxxxxxY,8,22,True,476,40,2,-20,YYYYYYYXyyyyyyx,YYYxyXX
627,536,4,389,1313,477,40,2.6785,112,25,XXXXYYxy,XXXXXXXXYxxxxxxxy,8,25,True,477,40,2,-23,YYYYYYYYXyyyyyyyx,YYYYXXyx
599,537,4,389,1313,478,40,2.6794,104,22,XXXYYxy,XXXXXXXyxxxxxxY,8,22,True,478,40,2,-20,YYYYYYYXyyyyyyx,YYYxxyX
631,538,4,389,1313,481,40,2.6821,112,25,XXXXYYxy,XXXXXXXXYxxxxxxxy,8,25,True,481,40,2,-23,YYYYYYYYXyyyyyyyx,YYYYXyxx
416,539,4,389,1313,485,52,2.6857,74,16,XXYxy,XYYYYYxyyyy,8,17,True,485,52,2,-15,YYYYYXyyyyx,YXyXyx
557,540,4,389,1313,489,27,2.6893,82,17,XXYYxy,XXXXXyxxxxY,8,19,True,489,27,2,-17,YYYYYXyyyyx,YYXYYxyX
422,541,4,389,1313,490,52,2.6902,74,16,XXYxy,XYYYYYxyyyy,8,17,True,490,52,2,-15,YYYYYXyyyyx,YXYxyX
574,542,4,389,1313,526,38,2.721,94,20,XXXYXyy,XXXXXXYxxxxxy,8,21,True,526,38,2,-19,YYYYYYXyyyyyx,YYYXYxYx
589,543,4,389,1313,558,46,2.7466,94,20,XXXYXyy,XXXXXXYxxxxxy,8,21,True,558,46,2,-19,YYYYYYXyyyyyx,YYYXYXYx
537,544,4,389,1313,579,73,2.7627,74,16,XXYxy,XYYYYYxyyyy,8,18,True,579,73,2,-16,YYYYYXyyyyx,YYxyXYx
464,545,4,389,1313,592,99,2.7723,87,18,XXYxy,XYYYYYYxyyyyy,8,18,True,592,99,2,-16,YYYYYYXyyyyyx,YXXyx
466,546,4,389,1313,614,101,2.7882,87,18,XXYxy,XYYYYYYxyyyyy,8,18,True,614,101,2,-16,YYYYYYXyyyyyx,YXyxx
536,547,4,389,1313,629,23,2.7987,81,17,XXYXyy,XXXXXyxxxxY,8,17,True,629,23,2,-15,YYYYYXyyyyx,YYxYXX
535,548,4,389,1313,641,25,2.8069,81,17,XXYXyy,XXXXXyxxxxY,8,17,True,641,25,2,-15,YYYYYXyyyyx,YYxxYX
548,549,4,389,1313,661,28,2.8202,82,17,XXYYxy,XXXXXyxxxxY,8,19,True,661,28,2,-17,YYYYYXyyyyx,YYxYYxyX
585,550,4,389,1313,869,47,2.939,101,21,XXXYXXyy,XXXXXXyxxxxxY,8,21,True,869,47,2,-19,YYYYYYXyyyyyx,YYYxYYXX
580,551,4,389,1313,875,47,2.942,101,21,XXXYXXyy,XXXXXXyxxxxxY,8,21,True,875,47,2,-19,YYYYYYXyyyyyx,YYYxxYYX
545,552,4,389,1313,914,69,2.9609,74,16,XXYxy,XYYYYYxyyyy,8,19,True,914,69,2,-17,YYYYYXyyyyx,YYYXyxYX
551,553,4,389,1313,990,69,2.9956,74,16,XXYxy,XYYYYYxyyyy,8,19,True,990,69,2,-17,YYYYYXyyyyx,YYYxYXyx
552,554,4,389,1313,1115,71,3.0473,84,18,XXXYXyy,XXXXXyxxxxY,8,19,True,1115,71,2,-17,YYYYYXyyyyx,YYYxYXyX
614,555,4,389,1313,1160,56,3.0645,104,22,XXXYYxy,XXXXXXXyxxxxxxY,8,23,True,1160,56,2,-21,YYYYYYYXyyyyyyx,YYYxyXYX
611,556,4,389,1313,1166,55,3.0667,103,22,XXXYXyy,XXXXXXXyxxxxxxY,8,23,True,1166,55,2,-21,YYYYYYYXyyyyyyx,YYYxYXyX
550,557,4,389,1313,1191,71,3.0759,84,18,XXXYXyy,XXXXXyxxxxY,8,19,True,1191,71,2,-17,YYYYYXyyyyx,YYYxyxYX
609,558,4,389,1313,1217,56,3.0853,104,22,XXXYYxy,XXXXXXXyxxxxxxY,8,23,True,1217,56,2,-21,YYYYYYYXyyyyyyx,YYYxYxyX
608,559,4,389,1313,1258,61,3.0997,103,22,XXXYXyy,XXXXXXXyxxxxxxY,8,23,True,1258,61,2,-21,YYYYYYYXyyyyyyx,YYYxyxYX
572,560,5,1313,4432,1319,139,3.1202,87,18,XXYxy,XYYYYYYxyyyyy,8,20,True,1319,139,2,-18,YYYYYYXyyyyyx,YYXYxyX
540,561,5,1313,4432,1322,76,3.1212,84,18,XXXYXyy,XXXXXyxxxxY,8,18,True,1322,76,2,-16,YYYYYXyyyyx,YYYxYXX
556,562,5,1313,4432,1337,79,3.1261,84,18,XXXYXyy,XXXXXyxxxxY,8,19,True,1337,79,2,-17,YYYYYXyyyyx,YYYxYXYX
539,563,5,1313,4432,1386,76,3.1418,84,18,XXXYXyy,XXXXXyxxxxY,8,18,True,1386,76,2,-16,YYYYYXyyyyx,YYYxxYX
565,564,5,1313,4432,1404,145,3.1474,87,18,XXYxy,XYYYYYYxyyyyy,8,20,True,1404,145,2,-18,YYYYYYXyyyyyx,YYxyXYx
549,565,5,1313,4432,1411,79,3.1495,84,18,XXXYXyy,XXXXXyxxxxY,8,19,True,1411,79,2,-17,YYYYYXyyyyx,YYYxYxYX
562,566,5,1313,4432,1436,109,3.1572,87,18,XXYxy,XYYYYYYxyyyyy,8,19,True,1436,109,2,-17,YYYYYYXyyyyyx,YXyxYx
569,567,5,1313,4432,1442,134,3.159,87,18,XXYxy,XYYYYYYxyyyyy,8,20,True,1442,134,2,-18,YYYYYYXyyyyyx,YYxYXyx
566,568,5,1313,4432,1446,134,3.1602,87,18,XXYxy,XYYYYYYxyyyyy,8,20,True,1446,134,2,-18,YYYYYYXyyyyyx,YYXyxYX
560,569,5,1313,4432,1450,109,3.1614,87,18,XXYxy,XYYYYYYxyyyyy,8,19,True,1450,109,2,-17,YYYYYYXyyyyyx,YXYXyx
554,570,5,1313,4432,1464,69,3.1655,74,16,XXYxy,XYYYYYxyyyy,8,19,True,1464,69,2,-17,YYYYYXyyyyx,YYYXYxyX
544,571,5,1313,4432,1569,75,3.1956,74,16,XXYxy,XYYYYYxyyyy,8,19,True,1569,75,2,-17,YYYYYXyyyyx,YYYxyXYx
553,572,5,1313,4432,1708,75,3.2325,88,19,XXXXYXyy,XXXXXYxxxxy,8,19,True,1708,75,2,-17,YYYYYXyyyyx,YYYYXXYx
543,573,5,1313,4432,1813,81,3.2584,88,19,XXXXYXyy,XXXXXYxxxxy,8,19,True,1813,81,2,-17,YYYYYXyyyyx,YYYYXYxx
559,574,5,1313,4432,1934,116,3.2865,87,18,XXYxy,XYYYYYYxyyyyy,8,19,True,1934,116,2,-17,YYYYYYXyyyyyx,YXyXyx
564,575,5,1313,4432,1934,116,3.2865,87,18,XXYxy,XYYYYYYxyyyyy,8,19,True,1934,116,2,-17,YYYYYYXyyyyyx,YXYxyX
606,576,5,1313,4432,2023,39,3.306,107,23,XXXYXXyy,XXXXXXXyxxxxxxY,8,23,True,2023,39,2,-21,YYYYYYYXyyyyyyx,YYYxxYYX
612,577,5,1313,4432,2048,48,3.3113,107,23,XXXYXXyy,XXXXXXXyxxxxxxY,8,23,True,2048,48,2,-21,YYYYYYYXyyyyyyx,YYYxYYXX
538,578,5,1313,4432,2261,25,3.3543,81,17,XXYXyy,XXXXXyxxxxY,8,18,True,2261,25,2,-16,YYYYYXyyyyx,YYxYxYX
542,579,5,1313,4432,2271,25,3.3562,81,17,XXYXyy,XXXXXyxxxxY,8,18,True,2271,25,2,-16,YYYYYXyyyyx,YYxYXYX
558,580,5,1313,4432,2611,28,3.4168,81,17,XXYXyy,XXXXXyxxxxY,8,19,True,2611,28,2,-17,YYYYYXyyyyx,YYXYYxYX
590,581,5,1313,4432,3340,231,3.5237,97,20,XXYxy,XYYYYYYYxyyyyyy,8,20,True,3340,231,2,-18,YYYYYYYXyyyyyyx,YXXyx
591,582,5,1313,4432,3350,233,3.525,97,20,XXYxy,XYYYYYYYxyyyyyy,8,20,True,3350,233,2,-18,YYYYYYYXyyyyyyx,YXyxx
567,583,5,1313,4432,3402,41,3.5317,93,19,XXYYxy,XXXXXXYxxxxxy,8,20,True,3402,41,2,-18,YYYYYYXyyyyyx,YYXyXyx
571,584,5,1313,4432,3536,40,3.5485,93,19,XXYYxy,XXXXXXYxxxxxy,8,20,True,3536,40,2,-18,YYYYYYXyyyyyx,YYXyxyx
547,585,5,1313,4432,3848,28,3.5852,81,17,XXYXyy,XXXXXyxxxxY,8,19,True,3848,28,2,-17,YYYYYXyyyyx,YYxYXYYx
594,586,6,4432,14958,5080,235,3.7059,97,20,XXYxy,XYYYYYYYxyyyyyy,8,21,True,5080,235,2,-19,YYYYYYYXyyyyyyx,YXyxYx
593,587,6,4432,14958,5097,235,3.7073,97,20,XXYxy,XYYYYYYYxyyyyyy,8,21,True,5097,235,2,-19,YYYYYYYXyyyyyyx,YXYXyx
595,588,6,4432,14958,5755,244,3.76,97,20,XXYxy,XYYYYYYYxyyyyyy,8,21,True,5755,244,2,-19,YYYYYYYXyyyyyyx,YXYxyX
592,589,6,4432,14958,5760,244,3.7604,97,20,XXYxy,XYYYYYYYxyyyyyy,8,21,True,5760,244,2,-19,YYYYYYYXyyyyyyx,YXyXyx
577,590,6,4432,14958,5957,52,3.775,93,19,XXYYxy,XXXXXXYxxxxxy,8,21,True,5957,52,2,-19,YYYYYYXyyyyyx,YYXyyXyx
587,591,6,4432,14958,6070,51,3.7832,93,19,XXYYxy,XXXXXXYxxxxxy,8,21,True,6070,51,2,-19,YYYYYYXyyyyyx,YYXYxyyX
602,592,6,4432,14958,6285,56,3.7983,103,22,XXXYXyy,XXXXXXXyxxxxxxY,8,22,True,6285,56,2,-20,YYYYYYYXyyyyyyx,YYYxYXX
632,593,6,4432,14958,6425,56,3.8079,111,25,XXXXYXyy,XXXXXXXXYxxxxxxxy,8,25,True,6425,56,2,-23,YYYYYYYYXyyyyyyyx,YYYYXXYx
626,594,6,4432,14958,6517,56,3.814,111,25,XXXXYXyy,XXXXXXXXYxxxxxxxy,8,25,True,6517,56,2,-23,YYYYYYYYXyyyyyyyx,YYYYXYxx
607,595,6,4432,14958,6641,63,3.8222,103,22,XXXYXyy,XXXXXXXyxxxxxxY,8,23,True,6641,63,2,-21,YYYYYYYXyyyyyyx,YYYxYxYX
615,596,6,4432,14958,6648,62,3.8227,103,22,XXXYXyy,XXXXXXXyxxxxxxY,8,23,True,6648,62,2,-21,YYYYYYYXyyyyyyx,YYYxYXYX
561,597,6,4432,14958,6791,44,3.8319,93,19,XXYYxy,XXXXXXYxxxxxy,8,19,True,6791,44,2,-17,YYYYYYXyyyyyx,YYXXyx
563,598,6,4432,14958,6927,45,3.8405,93,19,XXYYxy,XXXXXXYxxxxxy,8,19,True,6927,45,2,-17,YYYYYYXyyyyyx,YYXyxx
576,599,6,4432,14958,7029,141,3.8469,87,18,XXYxy,XYYYYYYxyyyyy,8,21,True,7029,141,2,-19,YYYYYYXyyyyyx,YYYXyxYX
582,600,6,4432,14958,7442,141,3.8717,87,18,XXYxy,XYYYYYYxyyyyy,8,21,True,7442,141,2,-19,YYYYYYXyyyyyx,YYYxYXyx
598,601,6,4432,14958,7612,64,3.8815,103,22,XXXYXyy,XXXXXXXyxxxxxxY,8,22,True,7612,64,2,-20,YYYYYYYXyyyyyyx,YYYxxYX
586,602,6,4432,14958,9162,153,3.962,99,21,XXXXYXyy,XXXXXXyxxxxxY,8,21,True,9162,153,2,-19,YYYYYYXyyyyyx,YYYYxYXX
597,603,6,4432,14958,9407,294,3.9735,97,20,XXYxy,XYYYYYYYxyyyyyy,8,22,True,9407,294,2,-20,YYYYYYYXyyyyyyx,YYXyxYX
600,604,6,4432,14958,9501,294,3.9778,97,20,XXYxy,XYYYYYYYxyyyyyy,8,22,True,9501,294,2,-20,YYYYYYYXyyyyyyx,YYxYXyx
581,605,6,4432,14958,9567,153,3.9808,99,21,XXXXYXyy,XXXXXXyxxxxxY,8,21,True,9567,153,2,-19,YYYYYYXyyyyyx,YYYYxxYX
630,606,6,4432,14958,12429,79,4.0944,110,24,XXYYxxy,XXXXXXXXYxxxxxxxy,8,25,True,12429,79,2,-23,YYYYYYYYXyyyyyyyx,YYXyyxYx
629,607,6,4432,14958,12452,79,4.0952,110,24,XXYYxxy,XXXXXXXXYxxxxxxxy,8,25,True,12452,79,2,-23,YYYYYYYYXyyyyyyyx,YYXYXyyx
573,608,6,4432,14958,13393,63,4.1269,98,21,XXXXYXyy,XXXXXXYxxxxxy,8,21,True,13393,63,2,-19,YYYYYYXyyyyyx,YYYYXYxx
584,609,6,4432,14958,13591,62,4.1333,98,21,XXXXYXyy,XXXXXXYxxxxxy,8,21,True,13591,62,2,-19,YYYYYYXyyyyyx,YYYYXXYx
588,610,6,4432,14958,14054,150,4.1478,87,18,XXYxy,XYYYYYYxyyyyy,8,21,True,14054,150,2,-19,YYYYYYXyyyyyx,YYYXYxyX
575,611,6,4432,14958,14383,156,4.1578,87,18,XXYxy,XYYYYYYxyyyyy,8,21,True,14383,156,2,-19,YYYYYYXyyyyyx,YYYxyXYx
620,612,6,4432,14958,14415,489,4.1588,106,22,XXYxy,XYYYYYYYYxyyyyyyy,8,23,True,14415,489,2,-21,YYYYYYYYXyyyyyyyx,YXyxYx
619,613,6,4432,14958,14455,489,4.16,106,22,XXYxy,XYYYYYYYYxyyyyyyy,8,23,True,14455,489,2,-21,YYYYYYYYXyyyyyyyx,YXYXyx
621,614,7,14958,50482,15371,500,4.1867,106,22,XXYxy,XYYYYYYYYxyyyyyyy,8,23,True,15371,500,2,-21,YYYYYYYYXyyyyyyyx,YXYxyX
618,615,7,14958,50482,15389,500,4.1872,106,22,XXYxy,XYYYYYYYYxyyyyyyy,8,23,True,15389,500,2,-21,YYYYYYYYXyyyyyyyx,YXyXyx
568,616,7,14958,50482,15814,48,4.199,93,19,XXYYxy,XXXXXXYxxxxxy,8,20,True,15814,48,2,-18,YYYYYYXyyyyyx,YYXYXyx
578,617,7,14958,50482,15873,50,4.2007,93,19,XXYYxy,XXXXXXYxxxxxy,8,21,True,15873,50,2,-19,YYYYYYXyyyyyx,YYXYYXyx
570,618,7,14958,50482,15935,49,4.2024,93,19,XXYYxy,XXXXXXYxxxxxy,8,20,True,15935,49,2,-18,YYYYYYXyyyyyx,YYXyxYx
603,619,7,14958,50482,16096,331,4.2067,97,20,XXYxy,XYYYYYYYxyyyyyy,8,22,True,16096,331,2,-20,YYYYYYYXyyyyyyx,YYXYxyX
583,620,7,14958,50482,16111,52,4.2071,93,19,XXYYxy,XXXXXXYxxxxxy,8,21,True,16111,52,2,-19,YYYYYYXyyyyyx,YYXyxYYx
596,621,7,14958,50482,16168,337,4.2087,97,20,XXYxy,XYYYYYYYxyyyyyy,8,22,True,16168,337,2,-20,YYYYYYYXyyyyyyx,YYxyXYx
616,622,7,14958,50482,18320,491,4.2629,106,22,XXYxy,XYYYYYYYYxyyyyyyy,8,22,True,18320,491,2,-20,YYYYYYYYXyyyyyyyx,YXXyx
617,623,7,14958,50482,18341,493,4.2634,106,22,XXYxy,XYYYYYYYYxyyyyyyy,8,22,True,18341,493,2,-20,YYYYYYYYXyyyyyyyx,YXyxx
628,624,7,14958,50482,26774,81,4.4277,110,24,XXYYxxy,XXXXXXXXYxxxxxxxy,8,25,True,26774,81,2,-23,YYYYYYYYXyyyyyyyx,YYXyXyyx
633,625,7,14958,50482,26838,83,4.4288,110,24,XXYYxxy,XXXXXXXXYxxxxxxxy,8,25,True,26838,83,2,-23,YYYYYYYYXyyyyyyyx,YYXyyxyx
613,626,7,14958,50482,46481,314,4.6673,97,20,XXYxy,XYYYYYYYxyyyyyy,8,23,True,46481,314,2,-21,YYYYYYYXyyyyyyx,YYYXYxyX
604,627,7,14958,50482,46491,322,4.6674,97,20,XXYxy,XYYYYYYYxyyyyyy,8,23,True,46491,322,2,-21,YYYYYYYXyyyyyyx,YYYxyXYx
623,628,8,50482,170367,59710,708,4.776,106,22,XXYxy,XYYYYYYYYxyyyyyyy,8,24,False,50000,,18,-6,YYYYYYYYXyyyyyyyx,YYXyxYX
624,629,8,50482,170367,59971,706,4.7779,106,22,XXYxy,XYYYYYYYYxyyyyyyy,8,24,False,50000,,18,-6,YYYYYYYYXyyyyyyyx,YYxYXyx
605,630,8,50482,170367,60593,307,4.7824,97,20,XXYxy,XYYYYYYYxyyyyyy,8,23,False,50000,,17,-6,YYYYYYYXyyyyyyx,YYYXyxYX
610,631,8,50482,170367,61366,309,4.7879,97,20,XXYxy,XYYYYYYYxyyyyyy,8,23,False,50000,,17,-6,YYYYYYYXyyyyyyx,YYYxYXyx
625,632,8,50482,170367,78770,665,4.8964,106,22,XXYxy,XYYYYYYYYxyyyyyyy,8,24,False,50000,,19,-5,YYYYYYYYXyyyyyyyx,YYXYxyX
622,633,8,50482,170367,78774,671,4.8964,106,22,XXYxy,XYYYYYYYYxyyyyyyy,8,24,False,50000,,19,-5,YYYYYYYYXyyyyyyyx,YYxyXYx
638,634,9,170367,574959,213878,672,5.3302,106,22,XXYxy,XYYYYYYYYxyyyyyyy,8,25,False,50000,,19,-6,YYYYYYYYXyyyyyyyx,YYYxyXYx
636,635,9,170367,574959,213882,678,5.3302,106,22,XXYxy,XYYYYYYYYxyyyyyyy,8,25,False,50000,,19,-6,YYYYYYYYXyyyyyyyx,YYYXYxyX
637,636,9,170367,574959,271866,667,5.4344,106,22,XXYxy,XYYYYYYYYxyyyyyyy,8,25,False,50000,,19,-6,YYYYYYYYXyyyyyyyx,YYYXyxYX
639,637,9,170367,574959,272953,669,5.4361,106,22,XXYxy,XYYYYYYYYxyyyyyyy,8,25,False,50000,,19,-6,YYYYYYYYXyyyyyyyx,YYYxYXyx
634,638,9,170367,574959,574348,80,5.7592,108,23,XXXYYxxy,XXXXXXXYxxxxxxy,8,23,False,50000,,15,-8,YYYYYYYXyyyyyyx,YYYXyyxx
635,639,9,170367,574959,574959,80,5.7596,108,23,XXXYYxxy,XXXXXXXYxxxxxxy,8,23,False,50000,,15,-8,YYYYYYYXyyyyyyx,YYYXXyyx
